id,name
0,Person_0
1,Person_1
2,Person_2
3,Person_3
4,Person_4
5,Person_5
6,Person_6
7,Person_7
8,Person_8
9,Person_9
10,Person_10
11,Person_11
12,Person_12
13,Person_13
14,Person_14
15,Person_15
16,Person_16
17,Person_17
18,Person_18
19,Person_19
20,Person_20
21,Person_21
22,Person_22
23,Person_23
24,Person_24
25,Person_25
26,Person_26
27,Person_27
28,Person_28
29,Person_29
30,Person_30
31,Person_31
32,Person_32
33,Person_33
34,Person_34
35,Person_35
36,Person_36
37,Person_37
38,Person_38
39,Person_39
40,Person_40
41,Person_41
42,Person_42
43,Person_43
44,Person_44
45,Person_45
46,Person_46
47,Person_47
48,Person_48
49,Person_49
50,Person_50
51,Person_51
52,Person_52
53,Person_53
54,Person_54
55,Person_55
56,Person_56
57,Person_57
58,Person_58
59,Person_59
60,Person_60
61,Person_61
62,Person_62
63,Person_63
64,Person_64
65,Person_65
66,Person_66
67,Person_67
68,Person_68
69,Person_69
70,Person_70
71,Person_71
72,Person_72
73,Person_73
74,Person_74
75,Person_75
76,Person_76
77,Person_77
78,Person_78
79,Person_79
80,Person_80
81,Person_81
82,Person_82
83,Person_83
84,Person_84
85,Person_85
86,Person_86
87,Person_87
88,Person_88
89,Person_89
90,Person_90
91,Person_91
92,Person_92
93,Person_93
94,Person_94
95,Person_95
96,Person_96
97,Person_97
98,Person_98
99,Person_99
100,Person_100
101,Person_101
102,Person_102
103,Person_103
104,Person_104
105,Person_105
106,Person_106
107,Person_107
108,Person_108
109,Person_109
110,Person_110
111,Person_111
112,Person_112
113,Person_113
114,Person_114
115,Person_115
116,Person_116
117,Person_117
118,Person_118
119,Person_119
120,Person_120
121,Person_121
122,Person_122
123,Person_123
124,Person_124
125,Person_125
126,Person_126
127,Person_127
128,Person_128
129,Person_129
130,Person_130
131,Person_131
132,Person_132
133,Person_133
134,Person_134
135,Person_135
136,Person_136
137,Person_137
138,Person_138
139,Person_139
140,Person_140
141,Person_141
142,Person_142
143,Person_143
144,Person_144
145,Person_145
146,Person_146
147,Person_147
148,Person_148
149,Person_149
150,Person_150
151,Person_151
152,Person_152
153,Person_153
154,Person_154
155,Person_155
156,Person_156
157,Person_157
158,Person_158
159,Person_159
160,Person_160
161,Person_161
162,Person_162
163,Person_163
164,Person_164
165,Person_165
166,Person_166
167,Person_167
168,Person_168
169,Person_169
170,Person_170
171,Person_171
172,Person_172
173,Person_173
174,Person_174
175,Person_175
176,Person_176
177,Person_177
178,Person_178
179,Person_179
180,Person_180
181,Person_181
182,Person_182
183,Person_183
184,Person_184
185,Person_185
186,Person_186
187,Person_187
188,Person_188
189,Person_189
190,Person_190
191,Person_191
192,Person_192
193,Person_193
194,Person_194
195,Person_195
196,Person_196
197,Person_197
198,Person_198
199,Person_199
200,Person_200
201,Person_201
202,Person_202
203,Person_203
204,Person_204
205,Person_205
206,Person_206
207,Person_207
208,Person_208
209,Person_209
210,Person_210
211,Person_211
212,Person_212
213,Person_213
214,Person_214
215,Person_215
216,Person_216
217,Person_217
218,Person_218
219,Person_219
220,Person_220
221,Person_221
222,Person_222
223,Person_223
224,Person_224
225,Person_225
226,Person_226
227,Person_227
228,Person_228
229,Person_229
230,Person_230
231,Person_231
232,Person_232
233,Person_233
234,Person_234
235,Person_235
236,Person_236
237,Person_237
238,Person_238
239,Person_239
240,Person_240
241,Person_241
242,Person_242
243,Person_243
244,Person_244
245,Person_245
246,Person_246
247,Person_247
248,Person_248
249,Person_249
250,Person_250
251,Person_251
252,Person_252
253,Person_253
254,Person_254
255,Person_255
256,Person_256
257,Person_257
258,Person_258
259,Person_259
260,Person_260
261,Person_261
262,Person_262
263,Person_263
264,Person_264
265,Person_265
266,Person_266
267,Person_267
268,Person_268
269,Person_269
270,Person_270
271,Person_271
272,Person_272
273,Person_273
274,Person_274
275,Person_275
276,Person_276
277,Person_277
278,Person_278
279,Person_279
280,Person_280
281,Person_281
282,Person_282
283,Person_283
284,Person_284
285,Person_285
286,Person_286
287,Person_287
288,Person_288
289,Person_289
290,Person_290
291,Person_291
292,Person_292
293,Person_293
294,Person_294
295,Person_295
296,Person_296
297,Person_297
298,Person_298
299,Person_299
300,Person_300
301,Person_301
302,Person_302
303,Person_303
304,Person_304
305,Person_305
306,Person_306
307,Person_307
308,Person_308
309,Person_309
310,Person_310
311,Person_311
312,Person_312
313,Person_313
314,Person_314
315,Person_315
316,Person_316
317,Person_317
318,Person_318
319,Person_319
320,Person_320
321,Person_321
322,Person_322
323,Person_323
324,Person_324
325,Person_325
326,Person_326
327,Person_327
328,Person_328
329,Person_329
330,Person_330
331,Person_331
332,Person_332
333,Person_333
334,Person_334
335,Person_335
336,Person_336
337,Person_337
338,Person_338
339,Person_339
340,Person_340
341,Person_341
342,Person_342
343,Person_343
344,Person_344
345,Person_345
346,Person_346
347,Person_347
348,Person_348
349,Person_349
350,Person_350
351,Person_351
352,Person_352
353,Person_353
354,Person_354
355,Person_355
356,Person_356
357,Person_357
358,Person_358
359,Person_359
360,Person_360
361,Person_361
362,Person_362
363,Person_363
364,Person_364
365,Person_365
366,Person_366
367,Person_367
368,Person_368
369,Person_369
370,Person_370
371,Person_371
372,Person_372
373,Person_373
374,Person_374
375,Person_375
376,Person_376
377,Person_377
378,Person_378
379,Person_379
380,Person_380
381,Person_381
382,Person_382
383,Person_383
384,Person_384
385,Person_385
386,Person_386
387,Person_387
388,Person_388
389,Person_389
390,Person_390
391,Person_391
392,Person_392
393,Person_393
394,Person_394
395,Person_395
396,Person_396
397,Person_397
398,Person_398
399,Person_399
400,Person_400
401,Person_401
402,Person_402
403,Person_403
404,Person_404
405,Person_405
406,Person_406
407,Person_407
408,Person_408
409,Person_409
410,Person_410
411,Person_411
412,Person_412
413,Person_413
414,Person_414
415,Person_415
416,Person_416
417,Person_417
418,Person_418
419,Person_419
420,Person_420
421,Person_421
422,Person_422
423,Person_423
424,Person_424
425,Person_425
426,Person_426
427,Person_427
428,Person_428
429,Person_429
430,Person_430
431,Person_431
432,Person_432
433,Person_433
434,Person_434
435,Person_435
436,Person_436
437,Person_437
438,Person_438
439,Person_439
440,Person_440
441,Person_441
442,Person_442
443,Person_443
444,Person_444
445,Person_445
446,Person_446
447,Person_447
448,Person_448
449,Person_449
450,Person_450
451,Person_451
452,Person_452
453,Person_453
454,Person_454
455,Person_455
456,Person_456
457,Person_457
458,Person_458
459,Person_459
460,Person_460
461,Person_461
462,Person_462
463,Person_463
464,Person_464
465,Person_465
466,Person_466
467,Person_467
468,Person_468
469,Person_469
470,Person_470
471,Person_471
472,Person_472
473,Person_473
474,Person_474
475,Person_475
476,Person_476
477,Person_477
478,Person_478
479,Person_479
480,Person_480
481,Person_481
482,Person_482
483,Person_483
484,Person_484
485,Person_485
486,Person_486
487,Person_487
488,Person_488
489,Person_489
490,Person_490
491,Person_491
492,Person_492
493,Person_493
494,Person_494
495,Person_495
496,Person_496
497,Person_497
498,Person_498
499,Person_499
500,Person_500
501,Person_501
502,Person_502
503,Person_503
504,Person_504
505,Person_505
506,Person_506
507,Person_507
508,Person_508
509,Person_509
510,Person_510
511,Person_511
512,Person_512
513,Person_513
514,Person_514
515,Person_515
516,Person_516
517,Person_517
518,Person_518
519,Person_519
520,Person_520
521,Person_521
522,Person_522
523,Person_523
524,Person_524
525,Person_525
526,Person_526
527,Person_527
528,Person_528
529,Person_529
530,Person_530
531,Person_531
532,Person_532
533,Person_533
534,Person_534
535,Person_535
536,Person_536
537,Person_537
538,Person_538
539,Person_539
540,Person_540
541,Person_541
542,Person_542
543,Person_543
544,Person_544
545,Person_545
546,Person_546
547,Person_547
548,Person_548
549,Person_549
550,Person_550
551,Person_551
552,Person_552
553,Person_553
554,Person_554
555,Person_555
556,Person_556
557,Person_557
558,Person_558
559,Person_559
560,Person_560
561,Person_561
562,Person_562
563,Person_563
564,Person_564
565,Person_565
566,Person_566
567,Person_567
568,Person_568
569,Person_569
570,Person_570
571,Person_571
572,Person_572
573,Person_573
574,Person_574
575,Person_575
576,Person_576
577,Person_577
578,Person_578
579,Person_579
580,Person_580
581,Person_581
582,Person_582
583,Person_583
584,Person_584
585,Person_585
586,Person_586
587,Person_587
588,Person_588
589,Person_589
590,Person_590
591,Person_591
592,Person_592
593,Person_593
594,Person_594
595,Person_595
596,Person_596
597,Person_597
598,Person_598
599,Person_599
600,Person_600
601,Person_601
602,Person_602
603,Person_603
604,Person_604
605,Person_605
606,Person_606
607,Person_607
608,Person_608
609,Person_609
610,Person_610
611,Person_611
612,Person_612
613,Person_613
614,Person_614
615,Person_615
616,Person_616
617,Person_617
618,Person_618
619,Person_619
620,Person_620
621,Person_621
622,Person_622
623,Person_623
624,Person_624
625,Person_625
626,Person_626
627,Person_627
628,Person_628
629,Person_629
630,Person_630
631,Person_631
632,Person_632
633,Person_633
634,Person_634
635,Person_635
636,Person_636
637,Person_637
638,Person_638
639,Person_639
640,Person_640
641,Person_641
642,Person_642
643,Person_643
644,Person_644
645,Person_645
646,Person_646
647,Person_647
648,Person_648
649,Person_649
650,Person_650
651,Person_651
652,Person_652
653,Person_653
654,Person_654
655,Person_655
656,Person_656
657,Person_657
658,Person_658
659,Person_659
660,Person_660
661,Person_661
662,Person_662
663,Person_663
664,Person_664
665,Person_665
666,Person_666
667,Person_667
668,Person_668
669,Person_669
670,Person_670
671,Person_671
672,Person_672
673,Person_673
674,Person_674
675,Person_675
676,Person_676
677,Person_677
678,Person_678
679,Person_679
680,Person_680
681,Person_681
682,Person_682
683,Person_683
684,Person_684
685,Person_685
686,Person_686
687,Person_687
688,Person_688
689,Person_689
690,Person_690
691,Person_691
692,Person_692
693,Person_693
694,Person_694
695,Person_695
696,Person_696
697,Person_697
698,Person_698
699,Person_699
700,Person_700
701,Person_701
702,Person_702
703,Person_703
704,Person_704
705,Person_705
706,Person_706
707,Person_707
708,Person_708
709,Person_709
710,Person_710
711,Person_711
712,Person_712
713,Person_713
714,Person_714
715,Person_715
716,Person_716
717,Person_717
718,Person_718
719,Person_719
720,Person_720
721,Person_721
722,Person_722
723,Person_723
724,Person_724
725,Person_725
726,Person_726
727,Person_727
728,Person_728
729,Person_729
730,Person_730
731,Person_731
732,Person_732
733,Person_733
734,Person_734
735,Person_735
736,Person_736
737,Person_737
738,Person_738
739,Person_739
740,Person_740
741,Person_741
742,Person_742
743,Person_743
744,Person_744
745,Person_745
746,Person_746
747,Person_747
748,Person_748
749,Person_749
750,Person_750
751,Person_751
752,Person_752
753,Person_753
754,Person_754
755,Person_755
756,Person_756
757,Person_757
758,Person_758
759,Person_759
760,Person_760
761,Person_761
762,Person_762
763,Person_763
764,Person_764
765,Person_765
766,Person_766
767,Person_767
768,Person_768
769,Person_769
770,Person_770
771,Person_771
772,Person_772
773,Person_773
774,Person_774
775,Person_775
776,Person_776
777,Person_777
778,Person_778
779,Person_779
780,Person_780
781,Person_781
782,Person_782
783,Person_783
784,Person_784
785,Person_785
786,Person_786
787,Person_787
788,Person_788
789,Person_789
790,Person_790
791,Person_791
792,Person_792
793,Person_793
794,Person_794
795,Person_795
796,Person_796
797,Person_797
798,Person_798
799,Person_799
800,Person_800
801,Person_801
802,Person_802
803,Person_803
804,Person_804
805,Person_805
806,Person_806
807,Person_807
808,Person_808
809,Person_809
810,Person_810
811,Person_811
812,Person_812
813,Person_813
814,Person_814
815,Person_815
816,Person_816
817,Person_817
818,Person_818
819,Person_819
820,Person_820
821,Person_821
822,Person_822
823,Person_823
824,Person_824
825,Person_825
826,Person_826
827,Person_827
828,Person_828
829,Person_829
830,Person_830
831,Person_831
832,Person_832
833,Person_833
834,Person_834
835,Person_835
836,Person_836
837,Person_837
838,Person_838
839,Person_839
840,Person_840
841,Person_841
842,Person_842
843,Person_843
844,Person_844
845,Person_845
846,Person_846
847,Person_847
848,Person_848
849,Person_849
850,Person_850
851,Person_851
852,Person_852
853,Person_853
854,Person_854
855,Person_855
856,Person_856
857,Person_857
858,Person_858
859,Person_859
860,Person_860
861,Person_861
862,Person_862
863,Person_863
864,Person_864
865,Person_865
866,Person_866
867,Person_867
868,Person_868
869,Person_869
870,Person_870
871,Person_871
872,Person_872
873,Person_873
874,Person_874
875,Person_875
876,Person_876
877,Person_877
878,Person_878
879,Person_879
880,Person_880
881,Person_881
882,Person_882
883,Person_883
884,Person_884
885,Person_885
886,Person_886
887,Person_887
888,Person_888
889,Person_889
890,Person_890
891,Person_891
892,Person_892
893,Person_893
894,Person_894
895,Person_895
896,Person_896
897,Person_897
898,Person_898
899,Person_899
900,Person_900
901,Person_901
902,Person_902
903,Person_903
904,Person_904
905,Person_905
906,Person_906
907,Person_907
908,Person_908
909,Person_909
910,Person_910
911,Person_911
912,Person_912
913,Person_913
914,Person_914
915,Person_915
916,Person_916
917,Person_917
918,Person_918
919,Person_919
920,Person_920
921,Person_921
922,Person_922
923,Person_923
924,Person_924
925,Person_925
926,Person_926
927,Person_927
928,Person_928
929,Person_929
930,Person_930
931,Person_931
932,Person_932
933,Person_933
934,Person_934
935,Person_935
936,Person_936
937,Person_937
938,Person_938
939,Person_939
940,Person_940
941,Person_941
942,Person_942
943,Person_943
944,Person_944
945,Person_945
946,Person_946
947,Person_947
948,Person_948
949,Person_949
950,Person_950
951,Person_951
952,Person_952
953,Person_953
954,Person_954
955,Person_955
956,Person_956
957,Person_957
958,Person_958
959,Person_959
960,Person_960
961,Person_961
962,Person_962
963,Person_963
964,Person_964
965,Person_965
966,Person_966
967,Person_967
968,Person_968
969,Person_969
970,Person_970
971,Person_971
972,Person_972
973,Person_973
974,Person_974
975,Person_975
976,Person_976
977,Person_977
978,Person_978
979,Person_979
980,Person_980
981,Person_981
982,Person_982
983,Person_983
984,Person_984
985,Person_985
986,Person_986
987,Person_987
988,Person_988
989,Person_989
990,Person_990
991,Person_991
992,Person_992
993,Person_993
994,Person_994
995,Person_995
996,Person_996
997,Person_997
998,Person_998
999,Person_999
1000,Person_1000
1001,Person_1001
1002,Person_1002
1003,Person_1003
1004,Person_1004
1005,Person_1005
1006,Person_1006
1007,Person_1007
1008,Person_1008
1009,Person_1009
1010,Person_1010
1011,Person_1011
1012,Person_1012
1013,Person_1013
1014,Person_1014
1015,Person_1015
1016,Person_1016
1017,Person_1017
1018,Person_1018
1019,Person_1019
1020,Person_1020
1021,Person_1021
1022,Person_1022
1023,Person_1023
1024,Person_1024
1025,Person_1025
1026,Person_1026
1027,Person_1027
1028,Person_1028
1029,Person_1029
1030,Person_1030
1031,Person_1031
1032,Person_1032
1033,Person_1033
1034,Person_1034
1035,Person_1035
1036,Person_1036
1037,Person_1037
1038,Person_1038
1039,Person_1039
1040,Person_1040
1041,Person_1041
1042,Person_1042
1043,Person_1043
1044,Person_1044
1045,Person_1045
1046,Person_1046
1047,Person_1047
1048,Person_1048
1049,Person_1049
1050,Person_1050
1051,Person_1051
1052,Person_1052
1053,Person_1053
1054,Person_1054
1055,Person_1055
1056,Person_1056
1057,Person_1057
1058,Person_1058
1059,Person_1059
1060,Person_1060
1061,Person_1061
1062,Person_1062
1063,Person_1063
1064,Person_1064
1065,Person_1065
1066,Person_1066
1067,Person_1067
1068,Person_1068
1069,Person_1069
1070,Person_1070
1071,Person_1071
1072,Person_1072
1073,Person_1073
1074,Person_1074
1075,Person_1075
1076,Person_1076
1077,Person_1077
1078,Person_1078
1079,Person_1079
1080,Person_1080
1081,Person_1081
1082,Person_1082
1083,Person_1083
1084,Person_1084
1085,Person_1085
1086,Person_1086
1087,Person_1087
1088,Person_1088
1089,Person_1089
1090,Person_1090
1091,Person_1091
1092,Person_1092
1093,Person_1093
1094,Person_1094
1095,Person_1095
1096,Person_1096
1097,Person_1097
1098,Person_1098
1099,Person_1099
1100,Person_1100
1101,Person_1101
1102,Person_1102
1103,Person_1103
1104,Person_1104
1105,Person_1105
1106,Person_1106
1107,Person_1107
1108,Person_1108
1109,Person_1109
1110,Person_1110
1111,Person_1111
1112,Person_1112
1113,Person_1113
1114,Person_1114
1115,Person_1115
1116,Person_1116
1117,Person_1117
1118,Person_1118
1119,Person_1119
1120,Person_1120
1121,Person_1121
1122,Person_1122
1123,Person_1123
1124,Person_1124
1125,Person_1125
1126,Person_1126
1127,Person_1127
1128,Person_1128
1129,Person_1129
1130,Person_1130
1131,Person_1131
1132,Person_1132
1133,Person_1133
1134,Person_1134
1135,Person_1135
1136,Person_1136
1137,Person_1137
1138,Person_1138
1139,Person_1139
1140,Person_1140
1141,Person_1141
1142,Person_1142
1143,Person_1143
1144,Person_1144
1145,Person_1145
1146,Person_1146
1147,Person_1147
1148,Person_1148
1149,Person_1149
1150,Person_1150
1151,Person_1151
1152,Person_1152
1153,Person_1153
1154,Person_1154
1155,Person_1155
1156,Person_1156
1157,Person_1157
1158,Person_1158
1159,Person_1159
1160,Person_1160
1161,Person_1161
1162,Person_1162
1163,Person_1163
1164,Person_1164
1165,Person_1165
1166,Person_1166
1167,Person_1167
1168,Person_1168
1169,Person_1169
1170,Person_1170
1171,Person_1171
1172,Person_1172
1173,Person_1173
1174,Person_1174
1175,Person_1175
1176,Person_1176
1177,Person_1177
1178,Person_1178
1179,Person_1179
1180,Person_1180
1181,Person_1181
1182,Person_1182
1183,Person_1183
1184,Person_1184
1185,Person_1185
1186,Person_1186
1187,Person_1187
1188,Person_1188
1189,Person_1189
1190,Person_1190
1191,Person_1191
1192,Person_1192
1193,Person_1193
1194,Person_1194
1195,Person_1195
1196,Person_1196
1197,Person_1197
1198,Person_1198
1199,Person_1199
1200,Person_1200
1201,Person_1201
1202,Person_1202
1203,Person_1203
1204,Person_1204
1205,Person_1205
1206,Person_1206
1207,Person_1207
1208,Person_1208
1209,Person_1209
1210,Person_1210
1211,Person_1211
1212,Person_1212
1213,Person_1213
1214,Person_1214
1215,Person_1215
1216,Person_1216
1217,Person_1217
1218,Person_1218
1219,Person_1219
1220,Person_1220
1221,Person_1221
1222,Person_1222
1223,Person_1223
1224,Person_1224
1225,Person_1225
1226,Person_1226
1227,Person_1227
1228,Person_1228
1229,Person_1229
1230,Person_1230
1231,Person_1231
1232,Person_1232
1233,Person_1233
1234,Person_1234
1235,Person_1235
1236,Person_1236
1237,Person_1237
1238,Person_1238
1239,Person_1239
1240,Person_1240
1241,Person_1241
1242,Person_1242
1243,Person_1243
1244,Person_1244
1245,Person_1245
1246,Person_1246
1247,Person_1247
1248,Person_1248
1249,Person_1249
1250,Person_1250
1251,Person_1251
1252,Person_1252
1253,Person_1253
1254,Person_1254
1255,Person_1255
1256,Person_1256
1257,Person_1257
1258,Person_1258
1259,Person_1259
1260,Person_1260
1261,Person_1261
1262,Person_1262
1263,Person_1263
1264,Person_1264
1265,Person_1265
1266,Person_1266
1267,Person_1267
1268,Person_1268
1269,Person_1269
1270,Person_1270
1271,Person_1271
1272,Person_1272
1273,Person_1273
1274,Person_1274
1275,Person_1275
1276,Person_1276
1277,Person_1277
1278,Person_1278
1279,Person_1279
1280,Person_1280
1281,Person_1281
1282,Person_1282
1283,Person_1283
1284,Person_1284
1285,Person_1285
1286,Person_1286
1287,Person_1287
1288,Person_1288
1289,Person_1289
1290,Person_1290
1291,Person_1291
1292,Person_1292
1293,Person_1293
1294,Person_1294
1295,Person_1295
1296,Person_1296
1297,Person_1297
1298,Person_1298
1299,Person_1299
1300,Person_1300
1301,Person_1301
1302,Person_1302
1303,Person_1303
1304,Person_1304
1305,Person_1305
1306,Person_1306
1307,Person_1307
1308,Person_1308
1309,Person_1309
1310,Person_1310
1311,Person_1311
1312,Person_1312
1313,Person_1313
1314,Person_1314
1315,Person_1315
1316,Person_1316
1317,Person_1317
1318,Person_1318
1319,Person_1319
1320,Person_1320
1321,Person_1321
1322,Person_1322
1323,Person_1323
1324,Person_1324
1325,Person_1325
1326,Person_1326
1327,Person_1327
1328,Person_1328
1329,Person_1329
1330,Person_1330
1331,Person_1331
1332,Person_1332
1333,Person_1333
1334,Person_1334
1335,Person_1335
1336,Person_1336
1337,Person_1337
1338,Person_1338
1339,Person_1339
1340,Person_1340
1341,Person_1341
1342,Person_1342
1343,Person_1343
1344,Person_1344
1345,Person_1345
1346,Person_1346
1347,Person_1347
1348,Person_1348
1349,Person_1349
1350,Person_1350
1351,Person_1351
1352,Person_1352
1353,Person_1353
1354,Person_1354
1355,Person_1355
1356,Person_1356
1357,Person_1357
1358,Person_1358
1359,Person_1359
1360,Person_1360
1361,Person_1361
1362,Person_1362
1363,Person_1363
1364,Person_1364
1365,Person_1365
1366,Person_1366
1367,Person_1367
1368,Person_1368
1369,Person_1369
1370,Person_1370
1371,Person_1371
1372,Person_1372
1373,Person_1373
1374,Person_1374
1375,Person_1375
1376,Person_1376
1377,Person_1377
1378,Person_1378
1379,Person_1379
1380,Person_1380
1381,Person_1381
1382,Person_1382
1383,Person_1383
1384,Person_1384
1385,Person_1385
1386,Person_1386
1387,Person_1387
1388,Person_1388
1389,Person_1389
1390,Person_1390
1391,Person_1391
1392,Person_1392
1393,Person_1393
1394,Person_1394
1395,Person_1395
1396,Person_1396
1397,Person_1397
1398,Person_1398
1399,Person_1399
1400,Person_1400
1401,Person_1401
1402,Person_1402
1403,Person_1403
1404,Person_1404
1405,Person_1405
1406,Person_1406
1407,Person_1407
1408,Person_1408
1409,Person_1409
1410,Person_1410
1411,Person_1411
1412,Person_1412
1413,Person_1413
1414,Person_1414
1415,Person_1415
1416,Person_1416
1417,Person_1417
1418,Person_1418
1419,Person_1419
1420,Person_1420
1421,Person_1421
1422,Person_1422
1423,Person_1423
1424,Person_1424
1425,Person_1425
1426,Person_1426
1427,Person_1427
1428,Person_1428
1429,Person_1429
1430,Person_1430
1431,Person_1431
1432,Person_1432
1433,Person_1433
1434,Person_1434
1435,Person_1435
1436,Person_1436
1437,Person_1437
1438,Person_1438
1439,Person_1439
1440,Person_1440
1441,Person_1441
1442,Person_1442
1443,Person_1443
1444,Person_1444
1445,Person_1445
1446,Person_1446
1447,Person_1447
1448,Person_1448
1449,Person_1449
1450,Person_1450
1451,Person_1451
1452,Person_1452
1453,Person_1453
1454,Person_1454
1455,Person_1455
1456,Person_1456
1457,Person_1457
1458,Person_1458
1459,Person_1459
1460,Person_1460
1461,Person_1461
1462,Person_1462
1463,Person_1463
1464,Person_1464
1465,Person_1465
1466,Person_1466
1467,Person_1467
1468,Person_1468
1469,Person_1469
1470,Person_1470
1471,Person_1471
1472,Person_1472
1473,Person_1473
1474,Person_1474
1475,Person_1475
1476,Person_1476
1477,Person_1477
1478,Person_1478
1479,Person_1479
1480,Person_1480
1481,Person_1481
1482,Person_1482
1483,Person_1483
1484,Person_1484
1485,Person_1485
1486,Person_1486
1487,Person_1487
1488,Person_1488
1489,Person_1489
1490,Person_1490
1491,Person_1491
1492,Person_1492
1493,Person_1493
1494,Person_1494
1495,Person_1495
1496,Person_1496
1497,Person_1497
1498,Person_1498
1499,Person_1499
1500,Person_1500
1501,Person_1501
1502,Person_1502
1503,Person_1503
1504,Person_1504
1505,Person_1505
1506,Person_1506
1507,Person_1507
1508,Person_1508
1509,Person_1509
1510,Person_1510
1511,Person_1511
1512,Person_1512
1513,Person_1513
1514,Person_1514
1515,Person_1515
1516,Person_1516
1517,Person_1517
1518,Person_1518
1519,Person_1519
1520,Person_1520
1521,Person_1521
1522,Person_1522
1523,Person_1523
1524,Person_1524
1525,Person_1525
1526,Person_1526
1527,Person_1527
1528,Person_1528
1529,Person_1529
1530,Person_1530
1531,Person_1531
1532,Person_1532
1533,Person_1533
1534,Person_1534
1535,Person_1535
1536,Person_1536
1537,Person_1537
1538,Person_1538
1539,Person_1539
1540,Person_1540
1541,Person_1541
1542,Person_1542
1543,Person_1543
1544,Person_1544
1545,Person_1545
1546,Person_1546
1547,Person_1547
1548,Person_1548
1549,Person_1549
1550,Person_1550
1551,Person_1551
1552,Person_1552
1553,Person_1553
1554,Person_1554
1555,Person_1555
1556,Person_1556
1557,Person_1557
1558,Person_1558
1559,Person_1559
1560,Person_1560
1561,Person_1561
1562,Person_1562
1563,Person_1563
1564,Person_1564
1565,Person_1565
1566,Person_1566
1567,Person_1567
1568,Person_1568
1569,Person_1569
1570,Person_1570
1571,Person_1571
1572,Person_1572
1573,Person_1573
1574,Person_1574
1575,Person_1575
1576,Person_1576
1577,Person_1577
1578,Person_1578
1579,Person_1579
1580,Person_1580
1581,Person_1581
1582,Person_1582
1583,Person_1583
1584,Person_1584
1585,Person_1585
1586,Person_1586
1587,Person_1587
1588,Person_1588
1589,Person_1589
1590,Person_1590
1591,Person_1591
1592,Person_1592
1593,Person_1593
1594,Person_1594
1595,Person_1595
1596,Person_1596
1597,Person_1597
1598,Person_1598
1599,Person_1599
1600,Person_1600
1601,Person_1601
1602,Person_1602
1603,Person_1603
1604,Person_1604
1605,Person_1605
1606,Person_1606
1607,Person_1607
1608,Person_1608
1609,Person_1609
1610,Person_1610
1611,Person_1611
1612,Person_1612
1613,Person_1613
1614,Person_1614
1615,Person_1615
1616,Person_1616
1617,Person_1617
1618,Person_1618
1619,Person_1619
1620,Person_1620
1621,Person_1621
1622,Person_1622
1623,Person_1623
1624,Person_1624
1625,Person_1625
1626,Person_1626
1627,Person_1627
1628,Person_1628
1629,Person_1629
1630,Person_1630
1631,Person_1631
1632,Person_1632
1633,Person_1633
1634,Person_1634
1635,Person_1635
1636,Person_1636
1637,Person_1637
1638,Person_1638
1639,Person_1639
1640,Person_1640
1641,Person_1641
1642,Person_1642
1643,Person_1643
1644,Person_1644
1645,Person_1645
1646,Person_1646
1647,Person_1647
1648,Person_1648
1649,Person_1649
1650,Person_1650
1651,Person_1651
1652,Person_1652
1653,Person_1653
1654,Person_1654
1655,Person_1655
1656,Person_1656
1657,Person_1657
1658,Person_1658
1659,Person_1659
1660,Person_1660
1661,Person_1661
1662,Person_1662
1663,Person_1663
1664,Person_1664
1665,Person_1665
1666,Person_1666
1667,Person_1667
1668,Person_1668
1669,Person_1669
1670,Person_1670
1671,Person_1671
1672,Person_1672
1673,Person_1673
1674,Person_1674
1675,Person_1675
1676,Person_1676
1677,Person_1677
1678,Person_1678
1679,Person_1679
1680,Person_1680
1681,Person_1681
1682,Person_1682
1683,Person_1683
1684,Person_1684
1685,Person_1685
1686,Person_1686
1687,Person_1687
1688,Person_1688
1689,Person_1689
1690,Person_1690
1691,Person_1691
1692,Person_1692
1693,Person_1693
1694,Person_1694
1695,Person_1695
1696,Person_1696
1697,Person_1697
1698,Person_1698
1699,Person_1699
1700,Person_1700
1701,Person_1701
1702,Person_1702
1703,Person_1703
1704,Person_1704
1705,Person_1705
1706,Person_1706
1707,Person_1707
1708,Person_1708
1709,Person_1709
1710,Person_1710
1711,Person_1711
1712,Person_1712
1713,Person_1713
1714,Person_1714
1715,Person_1715
1716,Person_1716
1717,Person_1717
1718,Person_1718
1719,Person_1719
1720,Person_1720
1721,Person_1721
1722,Person_1722
1723,Person_1723
1724,Person_1724
1725,Person_1725
1726,Person_1726
1727,Person_1727
1728,Person_1728
1729,Person_1729
1730,Person_1730
1731,Person_1731
1732,Person_1732
1733,Person_1733
1734,Person_1734
1735,Person_1735
1736,Person_1736
1737,Person_1737
1738,Person_1738
1739,Person_1739
1740,Person_1740
1741,Person_1741
1742,Person_1742
1743,Person_1743
1744,Person_1744
1745,Person_1745
1746,Person_1746
1747,Person_1747
1748,Person_1748
1749,Person_1749
1750,Person_1750
1751,Person_1751
1752,Person_1752
1753,Person_1753
1754,Person_1754
1755,Person_1755
1756,Person_1756
1757,Person_1757
1758,Person_1758
1759,Person_1759
1760,Person_1760
1761,Person_1761
1762,Person_1762
1763,Person_1763
1764,Person_1764
1765,Person_1765
1766,Person_1766
1767,Person_1767
1768,Person_1768
1769,Person_1769
1770,Person_1770
1771,Person_1771
1772,Person_1772
1773,Person_1773
1774,Person_1774
1775,Person_1775
1776,Person_1776
1777,Person_1777
1778,Person_1778
1779,Person_1779
1780,Person_1780
1781,Person_1781
1782,Person_1782
1783,Person_1783
1784,Person_1784
1785,Person_1785
1786,Person_1786
1787,Person_1787
1788,Person_1788
1789,Person_1789
1790,Person_1790
1791,Person_1791
1792,Person_1792
1793,Person_1793
1794,Person_1794
1795,Person_1795
1796,Person_1796
1797,Person_1797
1798,Person_1798
1799,Person_1799
1800,Person_1800
1801,Person_1801
1802,Person_1802
1803,Person_1803
1804,Person_1804
1805,Person_1805
1806,Person_1806
1807,Person_1807
1808,Person_1808
1809,Person_1809
1810,Person_1810
1811,Person_1811
1812,Person_1812
1813,Person_1813
1814,Person_1814
1815,Person_1815
1816,Person_1816
1817,Person_1817
1818,Person_1818
1819,Person_1819
1820,Person_1820
1821,Person_1821
1822,Person_1822
1823,Person_1823
1824,Person_1824
1825,Person_1825
1826,Person_1826
1827,Person_1827
1828,Person_1828
1829,Person_1829
1830,Person_1830
1831,Person_1831
1832,Person_1832
1833,Person_1833
1834,Person_1834
1835,Person_1835
1836,Person_1836
1837,Person_1837
1838,Person_1838
1839,Person_1839
1840,Person_1840
1841,Person_1841
1842,Person_1842
1843,Person_1843
1844,Person_1844
1845,Person_1845
1846,Person_1846
1847,Person_1847
1848,Person_1848
1849,Person_1849
1850,Person_1850
1851,Person_1851
1852,Person_1852
1853,Person_1853
1854,Person_1854
1855,Person_1855
1856,Person_1856
1857,Person_1857
1858,Person_1858
1859,Person_1859
1860,Person_1860
1861,Person_1861
1862,Person_1862
1863,Person_1863
1864,Person_1864
1865,Person_1865
1866,Person_1866
1867,Person_1867
1868,Person_1868
1869,Person_1869
1870,Person_1870
1871,Person_1871
1872,Person_1872
1873,Person_1873
1874,Person_1874
1875,Person_1875
1876,Person_1876
1877,Person_1877
1878,Person_1878
1879,Person_1879
1880,Person_1880
1881,Person_1881
1882,Person_1882
1883,Person_1883
1884,Person_1884
1885,Person_1885
1886,Person_1886
1887,Person_1887
1888,Person_1888
1889,Person_1889
1890,Person_1890
1891,Person_1891
1892,Person_1892
1893,Person_1893
1894,Person_1894
1895,Person_1895
1896,Person_1896
1897,Person_1897
1898,Person_1898
1899,Person_1899
1900,Person_1900
1901,Person_1901
1902,Person_1902
1903,Person_1903
1904,Person_1904
1905,Person_1905
1906,Person_1906
1907,Person_1907
1908,Person_1908
1909,Person_1909
1910,Person_1910
1911,Person_1911
1912,Person_1912
1913,Person_1913
1914,Person_1914
1915,Person_1915
1916,Person_1916
1917,Person_1917
1918,Person_1918
1919,Person_1919
1920,Person_1920
1921,Person_1921
1922,Person_1922
1923,Person_1923
1924,Person_1924
1925,Person_1925
1926,Person_1926
1927,Person_1927
1928,Person_1928
1929,Person_1929
1930,Person_1930
1931,Person_1931
1932,Person_1932
1933,Person_1933
1934,Person_1934
1935,Person_1935
1936,Person_1936
1937,Person_1937
1938,Person_1938
1939,Person_1939
1940,Person_1940
1941,Person_1941
1942,Person_1942
1943,Person_1943
1944,Person_1944
1945,Person_1945
1946,Person_1946
1947,Person_1947
1948,Person_1948
1949,Person_1949
1950,Person_1950
1951,Person_1951
1952,Person_1952
1953,Person_1953
1954,Person_1954
1955,Person_1955
1956,Person_1956
1957,Person_1957
1958,Person_1958
1959,Person_1959
1960,Person_1960
1961,Person_1961
1962,Person_1962
1963,Person_1963
1964,Person_1964
1965,Person_1965
1966,Person_1966
1967,Person_1967
1968,Person_1968
1969,Person_1969
1970,Person_1970
1971,Person_1971
1972,Person_1972
1973,Person_1973
1974,Person_1974
1975,Person_1975
1976,Person_1976
1977,Person_1977
1978,Person_1978
1979,Person_1979
1980,Person_1980
1981,Person_1981
1982,Person_1982
1983,Person_1983
1984,Person_1984
1985,Person_1985
1986,Person_1986
1987,Person_1987
1988,Person_1988
1989,Person_1989
1990,Person_1990
1991,Person_1991
1992,Person_1992
1993,Person_1993
1994,Person_1994
1995,Person_1995
1996,Person_1996
1997,Person_1997
1998,Person_1998
1999,Person_1999
2000,Person_2000
2001,Person_2001
2002,Person_2002
2003,Person_2003
2004,Person_2004
2005,Person_2005
2006,Person_2006
2007,Person_2007
2008,Person_2008
2009,Person_2009
2010,Person_2010
2011,Person_2011
2012,Person_2012
2013,Person_2013
2014,Person_2014
2015,Person_2015
2016,Person_2016
2017,Person_2017
2018,Person_2018
2019,Person_2019
2020,Person_2020
2021,Person_2021
2022,Person_2022
2023,Person_2023
2024,Person_2024
2025,Person_2025
2026,Person_2026
2027,Person_2027
2028,Person_2028
2029,Person_2029
2030,Person_2030
2031,Person_2031
2032,Person_2032
2033,Person_2033
2034,Person_2034
2035,Person_2035
2036,Person_2036
2037,Person_2037
2038,Person_2038
2039,Person_2039
2040,Person_2040
2041,Person_2041
2042,Person_2042
2043,Person_2043
2044,Person_2044
2045,Person_2045
2046,Person_2046
2047,Person_2047
2048,Person_2048
2049,Person_2049
2050,Person_2050
2051,Person_2051
2052,Person_2052
2053,Person_2053
2054,Person_2054
2055,Person_2055
2056,Person_2056
2057,Person_2057
2058,Person_2058
2059,Person_2059
2060,Person_2060
2061,Person_2061
2062,Person_2062
2063,Person_2063
2064,Person_2064
2065,Person_2065
2066,Person_2066
2067,Person_2067
2068,Person_2068
2069,Person_2069
2070,Person_2070
2071,Person_2071
2072,Person_2072
2073,Person_2073
2074,Person_2074
2075,Person_2075
2076,Person_2076
2077,Person_2077
2078,Person_2078
2079,Person_2079
2080,Person_2080
2081,Person_2081
2082,Person_2082
2083,Person_2083
2084,Person_2084
2085,Person_2085
2086,Person_2086
2087,Person_2087
2088,Person_2088
2089,Person_2089
2090,Person_2090
2091,Person_2091
2092,Person_2092
2093,Person_2093
2094,Person_2094
2095,Person_2095
2096,Person_2096
2097,Person_2097
2098,Person_2098
2099,Person_2099
2100,Person_2100
2101,Person_2101
2102,Person_2102
2103,Person_2103
2104,Person_2104
2105,Person_2105
2106,Person_2106
2107,Person_2107
2108,Person_2108
2109,Person_2109
2110,Person_2110
2111,Person_2111
2112,Person_2112
2113,Person_2113
2114,Person_2114
2115,Person_2115
2116,Person_2116
2117,Person_2117
2118,Person_2118
2119,Person_2119
2120,Person_2120
2121,Person_2121
2122,Person_2122
2123,Person_2123
2124,Person_2124
2125,Person_2125
2126,Person_2126
2127,Person_2127
2128,Person_2128
2129,Person_2129
2130,Person_2130
2131,Person_2131
2132,Person_2132
2133,Person_2133
2134,Person_2134
2135,Person_2135
2136,Person_2136
2137,Person_2137
2138,Person_2138
2139,Person_2139
2140,Person_2140
2141,Person_2141
2142,Person_2142
2143,Person_2143
2144,Person_2144
2145,Person_2145
2146,Person_2146
2147,Person_2147
2148,Person_2148
2149,Person_2149
2150,Person_2150
2151,Person_2151
2152,Person_2152
2153,Person_2153
2154,Person_2154
2155,Person_2155
2156,Person_2156
2157,Person_2157
2158,Person_2158
2159,Person_2159
2160,Person_2160
2161,Person_2161
2162,Person_2162
2163,Person_2163
2164,Person_2164
2165,Person_2165
2166,Person_2166
2167,Person_2167
2168,Person_2168
2169,Person_2169
2170,Person_2170
2171,Person_2171
2172,Person_2172
2173,Person_2173
2174,Person_2174
2175,Person_2175
2176,Person_2176
2177,Person_2177
2178,Person_2178
2179,Person_2179
2180,Person_2180
2181,Person_2181
2182,Person_2182
2183,Person_2183
2184,Person_2184
2185,Person_2185
2186,Person_2186
2187,Person_2187
2188,Person_2188
2189,Person_2189
2190,Person_2190
2191,Person_2191
2192,Person_2192
2193,Person_2193
2194,Person_2194
2195,Person_2195
2196,Person_2196
2197,Person_2197
2198,Person_2198
2199,Person_2199
2200,Person_2200
2201,Person_2201
2202,Person_2202
2203,Person_2203
2204,Person_2204
2205,Person_2205
2206,Person_2206
2207,Person_2207
2208,Person_2208
2209,Person_2209
2210,Person_2210
2211,Person_2211
2212,Person_2212
2213,Person_2213
2214,Person_2214
2215,Person_2215
2216,Person_2216
2217,Person_2217
2218,Person_2218
2219,Person_2219
2220,Person_2220
2221,Person_2221
2222,Person_2222
2223,Person_2223
2224,Person_2224
2225,Person_2225
2226,Person_2226
2227,Person_2227
2228,Person_2228
2229,Person_2229
2230,Person_2230
2231,Person_2231
2232,Person_2232
2233,Person_2233
2234,Person_2234
2235,Person_2235
2236,Person_2236
2237,Person_2237
2238,Person_2238
2239,Person_2239
2240,Person_2240
2241,Person_2241
2242,Person_2242
2243,Person_2243
2244,Person_2244
2245,Person_2245
2246,Person_2246
2247,Person_2247
2248,Person_2248
2249,Person_2249
2250,Person_2250
2251,Person_2251
2252,Person_2252
2253,Person_2253
2254,Person_2254
2255,Person_2255
2256,Person_2256
2257,Person_2257
2258,Person_2258
2259,Person_2259
2260,Person_2260
2261,Person_2261
2262,Person_2262
2263,Person_2263
2264,Person_2264
2265,Person_2265
2266,Person_2266
2267,Person_2267
2268,Person_2268
2269,Person_2269
2270,Person_2270
2271,Person_2271
2272,Person_2272
2273,Person_2273
2274,Person_2274
2275,Person_2275
2276,Person_2276
2277,Person_2277
2278,Person_2278
2279,Person_2279
2280,Person_2280
2281,Person_2281
2282,Person_2282
2283,Person_2283
2284,Person_2284
2285,Person_2285
2286,Person_2286
2287,Person_2287
2288,Person_2288
2289,Person_2289
2290,Person_2290
2291,Person_2291
2292,Person_2292
2293,Person_2293
2294,Person_2294
2295,Person_2295
2296,Person_2296
2297,Person_2297
2298,Person_2298
2299,Person_2299
2300,Person_2300
2301,Person_2301
2302,Person_2302
2303,Person_2303
2304,Person_2304
2305,Person_2305
2306,Person_2306
2307,Person_2307
2308,Person_2308
2309,Person_2309
2310,Person_2310
2311,Person_2311
2312,Person_2312
2313,Person_2313
2314,Person_2314
2315,Person_2315
2316,Person_2316
2317,Person_2317
2318,Person_2318
2319,Person_2319
2320,Person_2320
2321,Person_2321
2322,Person_2322
2323,Person_2323
2324,Person_2324
2325,Person_2325
2326,Person_2326
2327,Person_2327
2328,Person_2328
2329,Person_2329
2330,Person_2330
2331,Person_2331
2332,Person_2332
2333,Person_2333
2334,Person_2334
2335,Person_2335
2336,Person_2336
2337,Person_2337
2338,Person_2338
2339,Person_2339
2340,Person_2340
2341,Person_2341
2342,Person_2342
2343,Person_2343
2344,Person_2344
2345,Person_2345
2346,Person_2346
2347,Person_2347
2348,Person_2348
2349,Person_2349
2350,Person_2350
2351,Person_2351
2352,Person_2352
2353,Person_2353
2354,Person_2354
2355,Person_2355
2356,Person_2356
2357,Person_2357
2358,Person_2358
2359,Person_2359
2360,Person_2360
2361,Person_2361
2362,Person_2362
2363,Person_2363
2364,Person_2364
2365,Person_2365
2366,Person_2366
2367,Person_2367
2368,Person_2368
2369,Person_2369
2370,Person_2370
2371,Person_2371
2372,Person_2372
2373,Person_2373
2374,Person_2374
2375,Person_2375
2376,Person_2376
2377,Person_2377
2378,Person_2378
2379,Person_2379
2380,Person_2380
2381,Person_2381
2382,Person_2382
2383,Person_2383
2384,Person_2384
2385,Person_2385
2386,Person_2386
2387,Person_2387
2388,Person_2388
2389,Person_2389
2390,Person_2390
2391,Person_2391
2392,Person_2392
2393,Person_2393
2394,Person_2394
2395,Person_2395
2396,Person_2396
2397,Person_2397
2398,Person_2398
2399,Person_2399
2400,Person_2400
2401,Person_2401
2402,Person_2402
2403,Person_2403
2404,Person_2404
2405,Person_2405
2406,Person_2406
2407,Person_2407
2408,Person_2408
2409,Person_2409
2410,Person_2410
2411,Person_2411
2412,Person_2412
2413,Person_2413
2414,Person_2414
2415,Person_2415
2416,Person_2416
2417,Person_2417
2418,Person_2418
2419,Person_2419
2420,Person_2420
2421,Person_2421
2422,Person_2422
2423,Person_2423
2424,Person_2424
2425,Person_2425
2426,Person_2426
2427,Person_2427
2428,Person_2428
2429,Person_2429
2430,Person_2430
2431,Person_2431
2432,Person_2432
2433,Person_2433
2434,Person_2434
2435,Person_2435
2436,Person_2436
2437,Person_2437
2438,Person_2438
2439,Person_2439
2440,Person_2440
2441,Person_2441
2442,Person_2442
2443,Person_2443
2444,Person_2444
2445,Person_2445
2446,Person_2446
2447,Person_2447
2448,Person_2448
2449,Person_2449
2450,Person_2450
2451,Person_2451
2452,Person_2452
2453,Person_2453
2454,Person_2454
2455,Person_2455
2456,Person_2456
2457,Person_2457
2458,Person_2458
2459,Person_2459
2460,Person_2460
2461,Person_2461
2462,Person_2462
2463,Person_2463
2464,Person_2464
2465,Person_2465
2466,Person_2466
2467,Person_2467
2468,Person_2468
2469,Person_2469
2470,Person_2470
2471,Person_2471
2472,Person_2472
2473,Person_2473
2474,Person_2474
2475,Person_2475
2476,Person_2476
2477,Person_2477
2478,Person_2478
2479,Person_2479
2480,Person_2480
2481,Person_2481
2482,Person_2482
2483,Person_2483
2484,Person_2484
2485,Person_2485
2486,Person_2486
2487,Person_2487
2488,Person_2488
2489,Person_2489
2490,Person_2490
2491,Person_2491
2492,Person_2492
2493,Person_2493
2494,Person_2494
2495,Person_2495
2496,Person_2496
2497,Person_2497
2498,Person_2498
2499,Person_2499
2500,Person_2500
2501,Person_2501
2502,Person_2502
2503,Person_2503
2504,Person_2504
2505,Person_2505
2506,Person_2506
2507,Person_2507
2508,Person_2508
2509,Person_2509
2510,Person_2510
2511,Person_2511
2512,Person_2512
2513,Person_2513
2514,Person_2514
2515,Person_2515
2516,Person_2516
2517,Person_2517
2518,Person_2518
2519,Person_2519
2520,Person_2520
2521,Person_2521
2522,Person_2522
2523,Person_2523
2524,Person_2524
2525,Person_2525
2526,Person_2526
2527,Person_2527
2528,Person_2528
2529,Person_2529
2530,Person_2530
2531,Person_2531
2532,Person_2532
2533,Person_2533
2534,Person_2534
2535,Person_2535
2536,Person_2536
2537,Person_2537
2538,Person_2538
2539,Person_2539
2540,Person_2540
2541,Person_2541
2542,Person_2542
2543,Person_2543
2544,Person_2544
2545,Person_2545
2546,Person_2546
2547,Person_2547
2548,Person_2548
2549,Person_2549
2550,Person_2550
2551,Person_2551
2552,Person_2552
2553,Person_2553
2554,Person_2554
2555,Person_2555
2556,Person_2556
2557,Person_2557
2558,Person_2558
2559,Person_2559
2560,Person_2560
2561,Person_2561
2562,Person_2562
2563,Person_2563
2564,Person_2564
2565,Person_2565
2566,Person_2566
2567,Person_2567
2568,Person_2568
2569,Person_2569
2570,Person_2570
2571,Person_2571
2572,Person_2572
2573,Person_2573
2574,Person_2574
2575,Person_2575
2576,Person_2576
2577,Person_2577
2578,Person_2578
2579,Person_2579
2580,Person_2580
2581,Person_2581
2582,Person_2582
2583,Person_2583
2584,Person_2584
2585,Person_2585
2586,Person_2586
2587,Person_2587
2588,Person_2588
2589,Person_2589
2590,Person_2590
2591,Person_2591
2592,Person_2592
2593,Person_2593
2594,Person_2594
2595,Person_2595
2596,Person_2596
2597,Person_2597
2598,Person_2598
2599,Person_2599
2600,Person_2600
2601,Person_2601
2602,Person_2602
2603,Person_2603
2604,Person_2604
2605,Person_2605
2606,Person_2606
2607,Person_2607
2608,Person_2608
2609,Person_2609
2610,Person_2610
2611,Person_2611
2612,Person_2612
2613,Person_2613
2614,Person_2614
2615,Person_2615
2616,Person_2616
2617,Person_2617
2618,Person_2618
2619,Person_2619
2620,Person_2620
2621,Person_2621
2622,Person_2622
2623,Person_2623
2624,Person_2624
2625,Person_2625
2626,Person_2626
2627,Person_2627
2628,Person_2628
2629,Person_2629
2630,Person_2630
2631,Person_2631
2632,Person_2632
2633,Person_2633
2634,Person_2634
2635,Person_2635
2636,Person_2636
2637,Person_2637
2638,Person_2638
2639,Person_2639
2640,Person_2640
2641,Person_2641
2642,Person_2642
2643,Person_2643
2644,Person_2644
2645,Person_2645
2646,Person_2646
2647,Person_2647
2648,Person_2648
2649,Person_2649
2650,Person_2650
2651,Person_2651
2652,Person_2652
2653,Person_2653
2654,Person_2654
2655,Person_2655
2656,Person_2656
2657,Person_2657
2658,Person_2658
2659,Person_2659
2660,Person_2660
2661,Person_2661
2662,Person_2662
2663,Person_2663
2664,Person_2664
2665,Person_2665
2666,Person_2666
2667,Person_2667
2668,Person_2668
2669,Person_2669
2670,Person_2670
2671,Person_2671
2672,Person_2672
2673,Person_2673
2674,Person_2674
2675,Person_2675
2676,Person_2676
2677,Person_2677
2678,Person_2678
2679,Person_2679
2680,Person_2680
2681,Person_2681
2682,Person_2682
2683,Person_2683
2684,Person_2684
2685,Person_2685
2686,Person_2686
2687,Person_2687
2688,Person_2688
2689,Person_2689
2690,Person_2690
2691,Person_2691
2692,Person_2692
2693,Person_2693
2694,Person_2694
2695,Person_2695
2696,Person_2696
2697,Person_2697
2698,Person_2698
2699,Person_2699
2700,Person_2700
2701,Person_2701
2702,Person_2702
2703,Person_2703
2704,Person_2704
2705,Person_2705
2706,Person_2706
2707,Person_2707
2708,Person_2708
2709,Person_2709
2710,Person_2710
2711,Person_2711
2712,Person_2712
2713,Person_2713
2714,Person_2714
2715,Person_2715
2716,Person_2716
2717,Person_2717
2718,Person_2718
2719,Person_2719
2720,Person_2720
2721,Person_2721
2722,Person_2722
2723,Person_2723
2724,Person_2724
2725,Person_2725
2726,Person_2726
2727,Person_2727
2728,Person_2728
2729,Person_2729
2730,Person_2730
2731,Person_2731
2732,Person_2732
2733,Person_2733
2734,Person_2734
2735,Person_2735
2736,Person_2736
2737,Person_2737
2738,Person_2738
2739,Person_2739
2740,Person_2740
2741,Person_2741
2742,Person_2742
2743,Person_2743
2744,Person_2744
2745,Person_2745
2746,Person_2746
2747,Person_2747
2748,Person_2748
2749,Person_2749
2750,Person_2750
2751,Person_2751
2752,Person_2752
2753,Person_2753
2754,Person_2754
2755,Person_2755
2756,Person_2756
2757,Person_2757
2758,Person_2758
2759,Person_2759
2760,Person_2760
2761,Person_2761
2762,Person_2762
2763,Person_2763
2764,Person_2764
2765,Person_2765
2766,Person_2766
2767,Person_2767
2768,Person_2768
2769,Person_2769
2770,Person_2770
2771,Person_2771
2772,Person_2772
2773,Person_2773
2774,Person_2774
2775,Person_2775
2776,Person_2776
2777,Person_2777
2778,Person_2778
2779,Person_2779
2780,Person_2780
2781,Person_2781
2782,Person_2782
2783,Person_2783
2784,Person_2784
2785,Person_2785
2786,Person_2786
2787,Person_2787
2788,Person_2788
2789,Person_2789
2790,Person_2790
2791,Person_2791
2792,Person_2792
2793,Person_2793
2794,Person_2794
2795,Person_2795
2796,Person_2796
2797,Person_2797
2798,Person_2798
2799,Person_2799
2800,Person_2800
2801,Person_2801
2802,Person_2802
2803,Person_2803
2804,Person_2804
2805,Person_2805
2806,Person_2806
2807,Person_2807
2808,Person_2808
2809,Person_2809
2810,Person_2810
2811,Person_2811
2812,Person_2812
2813,Person_2813
2814,Person_2814
2815,Person_2815
2816,Person_2816
2817,Person_2817
2818,Person_2818
2819,Person_2819
2820,Person_2820
2821,Person_2821
2822,Person_2822
2823,Person_2823
2824,Person_2824
2825,Person_2825
2826,Person_2826
2827,Person_2827
2828,Person_2828
2829,Person_2829
2830,Person_2830
2831,Person_2831
2832,Person_2832
2833,Person_2833
2834,Person_2834
2835,Person_2835
2836,Person_2836
2837,Person_2837
2838,Person_2838
2839,Person_2839
2840,Person_2840
2841,Person_2841
2842,Person_2842
2843,Person_2843
2844,Person_2844
2845,Person_2845
2846,Person_2846
2847,Person_2847
2848,Person_2848
2849,Person_2849
2850,Person_2850
2851,Person_2851
2852,Person_2852
2853,Person_2853
2854,Person_2854
2855,Person_2855
2856,Person_2856
2857,Person_2857
2858,Person_2858
2859,Person_2859
2860,Person_2860
2861,Person_2861
2862,Person_2862
2863,Person_2863
2864,Person_2864
2865,Person_2865
2866,Person_2866
2867,Person_2867
2868,Person_2868
2869,Person_2869
2870,Person_2870
2871,Person_2871
2872,Person_2872
2873,Person_2873
2874,Person_2874
2875,Person_2875
2876,Person_2876
2877,Person_2877
2878,Person_2878
2879,Person_2879
2880,Person_2880
2881,Person_2881
2882,Person_2882
2883,Person_2883
2884,Person_2884
2885,Person_2885
2886,Person_2886
2887,Person_2887
2888,Person_2888
2889,Person_2889
2890,Person_2890
2891,Person_2891
2892,Person_2892
2893,Person_2893
2894,Person_2894
2895,Person_2895
2896,Person_2896
2897,Person_2897
2898,Person_2898
2899,Person_2899
2900,Person_2900
2901,Person_2901
2902,Person_2902
2903,Person_2903
2904,Person_2904
2905,Person_2905
2906,Person_2906
2907,Person_2907
2908,Person_2908
2909,Person_2909
2910,Person_2910
2911,Person_2911
2912,Person_2912
2913,Person_2913
2914,Person_2914
2915,Person_2915
2916,Person_2916
2917,Person_2917
2918,Person_2918
2919,Person_2919
2920,Person_2920
2921,Person_2921
2922,Person_2922
2923,Person_2923
2924,Person_2924
2925,Person_2925
2926,Person_2926
2927,Person_2927
2928,Person_2928
2929,Person_2929
2930,Person_2930
2931,Person_2931
2932,Person_2932
2933,Person_2933
2934,Person_2934
2935,Person_2935
2936,Person_2936
2937,Person_2937
2938,Person_2938
2939,Person_2939
2940,Person_2940
2941,Person_2941
2942,Person_2942
2943,Person_2943
2944,Person_2944
2945,Person_2945
2946,Person_2946
2947,Person_2947
2948,Person_2948
2949,Person_2949
2950,Person_2950
2951,Person_2951
2952,Person_2952
2953,Person_2953
2954,Person_2954
2955,Person_2955
2956,Person_2956
2957,Person_2957
2958,Person_2958
2959,Person_2959
2960,Person_2960
2961,Person_2961
2962,Person_2962
2963,Person_2963
2964,Person_2964
2965,Person_2965
2966,Person_2966
2967,Person_2967
2968,Person_2968
2969,Person_2969
2970,Person_2970
2971,Person_2971
2972,Person_2972
2973,Person_2973
2974,Person_2974
2975,Person_2975
2976,Person_2976
2977,Person_2977
2978,Person_2978
2979,Person_2979
2980,Person_2980
2981,Person_2981
2982,Person_2982
2983,Person_2983
2984,Person_2984
2985,Person_2985
2986,Person_2986
2987,Person_2987
2988,Person_2988
2989,Person_2989
2990,Person_2990
2991,Person_2991
2992,Person_2992
2993,Person_2993
2994,Person_2994
2995,Person_2995
2996,Person_2996
2997,Person_2997
2998,Person_2998
2999,Person_2999
3000,Person_3000
3001,Person_3001
3002,Person_3002
3003,Person_3003
3004,Person_3004
3005,Person_3005
3006,Person_3006
3007,Person_3007
3008,Person_3008
3009,Person_3009
3010,Person_3010
3011,Person_3011
3012,Person_3012
3013,Person_3013
3014,Person_3014
3015,Person_3015
3016,Person_3016
3017,Person_3017
3018,Person_3018
3019,Person_3019
3020,Person_3020
3021,Person_3021
3022,Person_3022
3023,Person_3023
3024,Person_3024
3025,Person_3025
3026,Person_3026
3027,Person_3027
3028,Person_3028
3029,Person_3029
3030,Person_3030
3031,Person_3031
3032,Person_3032
3033,Person_3033
3034,Person_3034
3035,Person_3035
3036,Person_3036
3037,Person_3037
3038,Person_3038
3039,Person_3039
3040,Person_3040
3041,Person_3041
3042,Person_3042
3043,Person_3043
3044,Person_3044
3045,Person_3045
3046,Person_3046
3047,Person_3047
3048,Person_3048
3049,Person_3049
3050,Person_3050
3051,Person_3051
3052,Person_3052
3053,Person_3053
3054,Person_3054
3055,Person_3055
3056,Person_3056
3057,Person_3057
3058,Person_3058
3059,Person_3059
3060,Person_3060
3061,Person_3061
3062,Person_3062
3063,Person_3063
3064,Person_3064
3065,Person_3065
3066,Person_3066
3067,Person_3067
3068,Person_3068
3069,Person_3069
3070,Person_3070
3071,Person_3071
3072,Person_3072
3073,Person_3073
3074,Person_3074
3075,Person_3075
3076,Person_3076
3077,Person_3077
3078,Person_3078
3079,Person_3079
3080,Person_3080
3081,Person_3081
3082,Person_3082
3083,Person_3083
3084,Person_3084
3085,Person_3085
3086,Person_3086
3087,Person_3087
3088,Person_3088
3089,Person_3089
3090,Person_3090
3091,Person_3091
3092,Person_3092
3093,Person_3093
3094,Person_3094
3095,Person_3095
3096,Person_3096
3097,Person_3097
3098,Person_3098
3099,Person_3099
3100,Person_3100
3101,Person_3101
3102,Person_3102
3103,Person_3103
3104,Person_3104
3105,Person_3105
3106,Person_3106
3107,Person_3107
3108,Person_3108
3109,Person_3109
3110,Person_3110
3111,Person_3111
3112,Person_3112
3113,Person_3113
3114,Person_3114
3115,Person_3115
3116,Person_3116
3117,Person_3117
3118,Person_3118
3119,Person_3119
3120,Person_3120
3121,Person_3121
3122,Person_3122
3123,Person_3123
3124,Person_3124
3125,Person_3125
3126,Person_3126
3127,Person_3127
3128,Person_3128
3129,Person_3129
3130,Person_3130
3131,Person_3131
3132,Person_3132
3133,Person_3133
3134,Person_3134
3135,Person_3135
3136,Person_3136
3137,Person_3137
3138,Person_3138
3139,Person_3139
3140,Person_3140
3141,Person_3141
3142,Person_3142
3143,Person_3143
3144,Person_3144
3145,Person_3145
3146,Person_3146
3147,Person_3147
3148,Person_3148
3149,Person_3149
3150,Person_3150
3151,Person_3151
3152,Person_3152
3153,Person_3153
3154,Person_3154
3155,Person_3155
3156,Person_3156
3157,Person_3157
3158,Person_3158
3159,Person_3159
3160,Person_3160
3161,Person_3161
3162,Person_3162
3163,Person_3163
3164,Person_3164
3165,Person_3165
3166,Person_3166
3167,Person_3167
3168,Person_3168
3169,Person_3169
3170,Person_3170
3171,Person_3171
3172,Person_3172
3173,Person_3173
3174,Person_3174
3175,Person_3175
3176,Person_3176
3177,Person_3177
3178,Person_3178
3179,Person_3179
3180,Person_3180
3181,Person_3181
3182,Person_3182
3183,Person_3183
3184,Person_3184
3185,Person_3185
3186,Person_3186
3187,Person_3187
3188,Person_3188
3189,Person_3189
3190,Person_3190
3191,Person_3191
3192,Person_3192
3193,Person_3193
3194,Person_3194
3195,Person_3195
3196,Person_3196
3197,Person_3197
3198,Person_3198
3199,Person_3199
3200,Person_3200
3201,Person_3201
3202,Person_3202
3203,Person_3203
3204,Person_3204
3205,Person_3205
3206,Person_3206
3207,Person_3207
3208,Person_3208
3209,Person_3209
3210,Person_3210
3211,Person_3211
3212,Person_3212
3213,Person_3213
3214,Person_3214
3215,Person_3215
3216,Person_3216
3217,Person_3217
3218,Person_3218
3219,Person_3219
3220,Person_3220
3221,Person_3221
3222,Person_3222
3223,Person_3223
3224,Person_3224
3225,Person_3225
3226,Person_3226
3227,Person_3227
3228,Person_3228
3229,Person_3229
3230,Person_3230
3231,Person_3231
3232,Person_3232
3233,Person_3233
3234,Person_3234
3235,Person_3235
3236,Person_3236
3237,Person_3237
3238,Person_3238
3239,Person_3239
3240,Person_3240
3241,Person_3241
3242,Person_3242
3243,Person_3243
3244,Person_3244
3245,Person_3245
3246,Person_3246
3247,Person_3247
3248,Person_3248
3249,Person_3249
3250,Person_3250
3251,Person_3251
3252,Person_3252
3253,Person_3253
3254,Person_3254
3255,Person_3255
3256,Person_3256
3257,Person_3257
3258,Person_3258
3259,Person_3259
3260,Person_3260
3261,Person_3261
3262,Person_3262
3263,Person_3263
3264,Person_3264
3265,Person_3265
3266,Person_3266
3267,Person_3267
3268,Person_3268
3269,Person_3269
3270,Person_3270
3271,Person_3271
3272,Person_3272
3273,Person_3273
3274,Person_3274
3275,Person_3275
3276,Person_3276
3277,Person_3277
3278,Person_3278
3279,Person_3279
3280,Person_3280
3281,Person_3281
3282,Person_3282
3283,Person_3283
3284,Person_3284
3285,Person_3285
3286,Person_3286
3287,Person_3287
3288,Person_3288
3289,Person_3289
3290,Person_3290
3291,Person_3291
3292,Person_3292
3293,Person_3293
3294,Person_3294
3295,Person_3295
3296,Person_3296
3297,Person_3297
3298,Person_3298
3299,Person_3299
3300,Person_3300
3301,Person_3301
3302,Person_3302
3303,Person_3303
3304,Person_3304
3305,Person_3305
3306,Person_3306
3307,Person_3307
3308,Person_3308
3309,Person_3309
3310,Person_3310
3311,Person_3311
3312,Person_3312
3313,Person_3313
3314,Person_3314
3315,Person_3315
3316,Person_3316
3317,Person_3317
3318,Person_3318
3319,Person_3319
3320,Person_3320
3321,Person_3321
3322,Person_3322
3323,Person_3323
3324,Person_3324
3325,Person_3325
3326,Person_3326
3327,Person_3327
3328,Person_3328
3329,Person_3329
3330,Person_3330
3331,Person_3331
3332,Person_3332
3333,Person_3333
3334,Person_3334
3335,Person_3335
3336,Person_3336
3337,Person_3337
3338,Person_3338
3339,Person_3339
3340,Person_3340
3341,Person_3341
3342,Person_3342
3343,Person_3343
3344,Person_3344
3345,Person_3345
3346,Person_3346
3347,Person_3347
3348,Person_3348
3349,Person_3349
3350,Person_3350
3351,Person_3351
3352,Person_3352
3353,Person_3353
3354,Person_3354
3355,Person_3355
3356,Person_3356
3357,Person_3357
3358,Person_3358
3359,Person_3359
3360,Person_3360
3361,Person_3361
3362,Person_3362
3363,Person_3363
3364,Person_3364
3365,Person_3365
3366,Person_3366
3367,Person_3367
3368,Person_3368
3369,Person_3369
3370,Person_3370
3371,Person_3371
3372,Person_3372
3373,Person_3373
3374,Person_3374
3375,Person_3375
3376,Person_3376
3377,Person_3377
3378,Person_3378
3379,Person_3379
3380,Person_3380
3381,Person_3381
3382,Person_3382
3383,Person_3383
3384,Person_3384
3385,Person_3385
3386,Person_3386
3387,Person_3387
3388,Person_3388
3389,Person_3389
3390,Person_3390
3391,Person_3391
3392,Person_3392
3393,Person_3393
3394,Person_3394
3395,Person_3395
3396,Person_3396
3397,Person_3397
3398,Person_3398
3399,Person_3399
3400,Person_3400
3401,Person_3401
3402,Person_3402
3403,Person_3403
3404,Person_3404
3405,Person_3405
3406,Person_3406
3407,Person_3407
3408,Person_3408
3409,Person_3409
3410,Person_3410
3411,Person_3411
3412,Person_3412
3413,Person_3413
3414,Person_3414
3415,Person_3415
3416,Person_3416
3417,Person_3417
3418,Person_3418
3419,Person_3419
3420,Person_3420
3421,Person_3421
3422,Person_3422
3423,Person_3423
3424,Person_3424
3425,Person_3425
3426,Person_3426
3427,Person_3427
3428,Person_3428
3429,Person_3429
3430,Person_3430
3431,Person_3431
3432,Person_3432
3433,Person_3433
3434,Person_3434
3435,Person_3435
3436,Person_3436
3437,Person_3437
3438,Person_3438
3439,Person_3439
3440,Person_3440
3441,Person_3441
3442,Person_3442
3443,Person_3443
3444,Person_3444
3445,Person_3445
3446,Person_3446
3447,Person_3447
3448,Person_3448
3449,Person_3449
3450,Person_3450
3451,Person_3451
3452,Person_3452
3453,Person_3453
3454,Person_3454
3455,Person_3455
3456,Person_3456
3457,Person_3457
3458,Person_3458
3459,Person_3459
3460,Person_3460
3461,Person_3461
3462,Person_3462
3463,Person_3463
3464,Person_3464
3465,Person_3465
3466,Person_3466
3467,Person_3467
3468,Person_3468
3469,Person_3469
3470,Person_3470
3471,Person_3471
3472,Person_3472
3473,Person_3473
3474,Person_3474
3475,Person_3475
3476,Person_3476
3477,Person_3477
3478,Person_3478
3479,Person_3479
3480,Person_3480
3481,Person_3481
3482,Person_3482
3483,Person_3483
3484,Person_3484
3485,Person_3485
3486,Person_3486
3487,Person_3487
3488,Person_3488
3489,Person_3489
3490,Person_3490
3491,Person_3491
3492,Person_3492
3493,Person_3493
3494,Person_3494
3495,Person_3495
3496,Person_3496
3497,Person_3497
3498,Person_3498
3499,Person_3499
3500,Person_3500
3501,Person_3501
3502,Person_3502
3503,Person_3503
3504,Person_3504
3505,Person_3505
3506,Person_3506
3507,Person_3507
3508,Person_3508
3509,Person_3509
3510,Person_3510
3511,Person_3511
3512,Person_3512
3513,Person_3513
3514,Person_3514
3515,Person_3515
3516,Person_3516
3517,Person_3517
3518,Person_3518
3519,Person_3519
3520,Person_3520
3521,Person_3521
3522,Person_3522
3523,Person_3523
3524,Person_3524
3525,Person_3525
3526,Person_3526
3527,Person_3527
3528,Person_3528
3529,Person_3529
3530,Person_3530
3531,Person_3531
3532,Person_3532
3533,Person_3533
3534,Person_3534
3535,Person_3535
3536,Person_3536
3537,Person_3537
3538,Person_3538
3539,Person_3539
3540,Person_3540
3541,Person_3541
3542,Person_3542
3543,Person_3543
3544,Person_3544
3545,Person_3545
3546,Person_3546
3547,Person_3547
3548,Person_3548
3549,Person_3549
3550,Person_3550
3551,Person_3551
3552,Person_3552
3553,Person_3553
3554,Person_3554
3555,Person_3555
3556,Person_3556
3557,Person_3557
3558,Person_3558
3559,Person_3559
3560,Person_3560
3561,Person_3561
3562,Person_3562
3563,Person_3563
3564,Person_3564
3565,Person_3565
3566,Person_3566
3567,Person_3567
3568,Person_3568
3569,Person_3569
3570,Person_3570
3571,Person_3571
3572,Person_3572
3573,Person_3573
3574,Person_3574
3575,Person_3575
3576,Person_3576
3577,Person_3577
3578,Person_3578
3579,Person_3579
3580,Person_3580
3581,Person_3581
3582,Person_3582
3583,Person_3583
3584,Person_3584
3585,Person_3585
3586,Person_3586
3587,Person_3587
3588,Person_3588
3589,Person_3589
3590,Person_3590
3591,Person_3591
3592,Person_3592
3593,Person_3593
3594,Person_3594
3595,Person_3595
3596,Person_3596
3597,Person_3597
3598,Person_3598
3599,Person_3599
3600,Person_3600
3601,Person_3601
3602,Person_3602
3603,Person_3603
3604,Person_3604
3605,Person_3605
3606,Person_3606
3607,Person_3607
3608,Person_3608
3609,Person_3609
3610,Person_3610
3611,Person_3611
3612,Person_3612
3613,Person_3613
3614,Person_3614
3615,Person_3615
3616,Person_3616
3617,Person_3617
3618,Person_3618
3619,Person_3619
3620,Person_3620
3621,Person_3621
3622,Person_3622
3623,Person_3623
3624,Person_3624
3625,Person_3625
3626,Person_3626
3627,Person_3627
3628,Person_3628
3629,Person_3629
3630,Person_3630
3631,Person_3631
3632,Person_3632
3633,Person_3633
3634,Person_3634
3635,Person_3635
3636,Person_3636
3637,Person_3637
3638,Person_3638
3639,Person_3639
3640,Person_3640
3641,Person_3641
3642,Person_3642
3643,Person_3643
3644,Person_3644
3645,Person_3645
3646,Person_3646
3647,Person_3647
3648,Person_3648
3649,Person_3649
3650,Person_3650
3651,Person_3651
3652,Person_3652
3653,Person_3653
3654,Person_3654
3655,Person_3655
3656,Person_3656
3657,Person_3657
3658,Person_3658
3659,Person_3659
3660,Person_3660
3661,Person_3661
3662,Person_3662
3663,Person_3663
3664,Person_3664
3665,Person_3665
3666,Person_3666
3667,Person_3667
3668,Person_3668
3669,Person_3669
3670,Person_3670
3671,Person_3671
3672,Person_3672
3673,Person_3673
3674,Person_3674
3675,Person_3675
3676,Person_3676
3677,Person_3677
3678,Person_3678
3679,Person_3679
3680,Person_3680
3681,Person_3681
3682,Person_3682
3683,Person_3683
3684,Person_3684
3685,Person_3685
3686,Person_3686
3687,Person_3687
3688,Person_3688
3689,Person_3689
3690,Person_3690
3691,Person_3691
3692,Person_3692
3693,Person_3693
3694,Person_3694
3695,Person_3695
3696,Person_3696
3697,Person_3697
3698,Person_3698
3699,Person_3699
3700,Person_3700
3701,Person_3701
3702,Person_3702
3703,Person_3703
3704,Person_3704
3705,Person_3705
3706,Person_3706
3707,Person_3707
3708,Person_3708
3709,Person_3709
3710,Person_3710
3711,Person_3711
3712,Person_3712
3713,Person_3713
3714,Person_3714
3715,Person_3715
3716,Person_3716
3717,Person_3717
3718,Person_3718
3719,Person_3719
3720,Person_3720
3721,Person_3721
3722,Person_3722
3723,Person_3723
3724,Person_3724
3725,Person_3725
3726,Person_3726
3727,Person_3727
3728,Person_3728
3729,Person_3729
3730,Person_3730
3731,Person_3731
3732,Person_3732
3733,Person_3733
3734,Person_3734
3735,Person_3735
3736,Person_3736
3737,Person_3737
3738,Person_3738
3739,Person_3739
3740,Person_3740
3741,Person_3741
3742,Person_3742
3743,Person_3743
3744,Person_3744
3745,Person_3745
3746,Person_3746
3747,Person_3747
3748,Person_3748
3749,Person_3749
3750,Person_3750
3751,Person_3751
3752,Person_3752
3753,Person_3753
3754,Person_3754
3755,Person_3755
3756,Person_3756
3757,Person_3757
3758,Person_3758
3759,Person_3759
3760,Person_3760
3761,Person_3761
3762,Person_3762
3763,Person_3763
3764,Person_3764
3765,Person_3765
3766,Person_3766
3767,Person_3767
3768,Person_3768
3769,Person_3769
3770,Person_3770
3771,Person_3771
3772,Person_3772
3773,Person_3773
3774,Person_3774
3775,Person_3775
3776,Person_3776
3777,Person_3777
3778,Person_3778
3779,Person_3779
3780,Person_3780
3781,Person_3781
3782,Person_3782
3783,Person_3783
3784,Person_3784
3785,Person_3785
3786,Person_3786
3787,Person_3787
3788,Person_3788
3789,Person_3789
3790,Person_3790
3791,Person_3791
3792,Person_3792
3793,Person_3793
3794,Person_3794
3795,Person_3795
3796,Person_3796
3797,Person_3797
3798,Person_3798
3799,Person_3799
3800,Person_3800
3801,Person_3801
3802,Person_3802
3803,Person_3803
3804,Person_3804
3805,Person_3805
3806,Person_3806
3807,Person_3807
3808,Person_3808
3809,Person_3809
3810,Person_3810
3811,Person_3811
3812,Person_3812
3813,Person_3813
3814,Person_3814
3815,Person_3815
3816,Person_3816
3817,Person_3817
3818,Person_3818
3819,Person_3819
3820,Person_3820
3821,Person_3821
3822,Person_3822
3823,Person_3823
3824,Person_3824
3825,Person_3825
3826,Person_3826
3827,Person_3827
3828,Person_3828
3829,Person_3829
3830,Person_3830
3831,Person_3831
3832,Person_3832
3833,Person_3833
3834,Person_3834
3835,Person_3835
3836,Person_3836
3837,Person_3837
3838,Person_3838
3839,Person_3839
3840,Person_3840
3841,Person_3841
3842,Person_3842
3843,Person_3843
3844,Person_3844
3845,Person_3845
3846,Person_3846
3847,Person_3847
3848,Person_3848
3849,Person_3849
3850,Person_3850
3851,Person_3851
3852,Person_3852
3853,Person_3853
3854,Person_3854
3855,Person_3855
3856,Person_3856
3857,Person_3857
3858,Person_3858
3859,Person_3859
3860,Person_3860
3861,Person_3861
3862,Person_3862
3863,Person_3863
3864,Person_3864
3865,Person_3865
3866,Person_3866
3867,Person_3867
3868,Person_3868
3869,Person_3869
3870,Person_3870
3871,Person_3871
3872,Person_3872
3873,Person_3873
3874,Person_3874
3875,Person_3875
3876,Person_3876
3877,Person_3877
3878,Person_3878
3879,Person_3879
3880,Person_3880
3881,Person_3881
3882,Person_3882
3883,Person_3883
3884,Person_3884
3885,Person_3885
3886,Person_3886
3887,Person_3887
3888,Person_3888
3889,Person_3889
3890,Person_3890
3891,Person_3891
3892,Person_3892
3893,Person_3893
3894,Person_3894
3895,Person_3895
3896,Person_3896
3897,Person_3897
3898,Person_3898
3899,Person_3899
3900,Person_3900
3901,Person_3901
3902,Person_3902
3903,Person_3903
3904,Person_3904
3905,Person_3905
3906,Person_3906
3907,Person_3907
3908,Person_3908
3909,Person_3909
3910,Person_3910
3911,Person_3911
3912,Person_3912
3913,Person_3913
3914,Person_3914
3915,Person_3915
3916,Person_3916
3917,Person_3917
3918,Person_3918
3919,Person_3919
3920,Person_3920
3921,Person_3921
3922,Person_3922
3923,Person_3923
3924,Person_3924
3925,Person_3925
3926,Person_3926
3927,Person_3927
3928,Person_3928
3929,Person_3929
3930,Person_3930
3931,Person_3931
3932,Person_3932
3933,Person_3933
3934,Person_3934
3935,Person_3935
3936,Person_3936
3937,Person_3937
3938,Person_3938
3939,Person_3939
3940,Person_3940
3941,Person_3941
3942,Person_3942
3943,Person_3943
3944,Person_3944
3945,Person_3945
3946,Person_3946
3947,Person_3947
3948,Person_3948
3949,Person_3949
3950,Person_3950
3951,Person_3951
3952,Person_3952
3953,Person_3953
3954,Person_3954
3955,Person_3955
3956,Person_3956
3957,Person_3957
3958,Person_3958
3959,Person_3959
3960,Person_3960
3961,Person_3961
3962,Person_3962
3963,Person_3963
3964,Person_3964
3965,Person_3965
3966,Person_3966
3967,Person_3967
3968,Person_3968
3969,Person_3969
3970,Person_3970
3971,Person_3971
3972,Person_3972
3973,Person_3973
3974,Person_3974
3975,Person_3975
3976,Person_3976
3977,Person_3977
3978,Person_3978
3979,Person_3979
3980,Person_3980
3981,Person_3981
3982,Person_3982
3983,Person_3983
3984,Person_3984
3985,Person_3985
3986,Person_3986
3987,Person_3987
3988,Person_3988
3989,Person_3989
3990,Person_3990
3991,Person_3991
3992,Person_3992
3993,Person_3993
3994,Person_3994
3995,Person_3995
3996,Person_3996
3997,Person_3997
3998,Person_3998
3999,Person_3999
4000,Person_4000
4001,Person_4001
4002,Person_4002
4003,Person_4003
4004,Person_4004
4005,Person_4005
4006,Person_4006
4007,Person_4007
4008,Person_4008
4009,Person_4009
4010,Person_4010
4011,Person_4011
4012,Person_4012
4013,Person_4013
4014,Person_4014
4015,Person_4015
4016,Person_4016
4017,Person_4017
4018,Person_4018
4019,Person_4019
4020,Person_4020
4021,Person_4021
4022,Person_4022
4023,Person_4023
4024,Person_4024
4025,Person_4025
4026,Person_4026
4027,Person_4027
4028,Person_4028
4029,Person_4029
4030,Person_4030
4031,Person_4031
4032,Person_4032
4033,Person_4033
4034,Person_4034
4035,Person_4035
4036,Person_4036
4037,Person_4037
4038,Person_4038
4039,Person_4039
4040,Person_4040
4041,Person_4041
4042,Person_4042
4043,Person_4043
4044,Person_4044
4045,Person_4045
4046,Person_4046
4047,Person_4047
4048,Person_4048
4049,Person_4049
4050,Person_4050
4051,Person_4051
4052,Person_4052
4053,Person_4053
4054,Person_4054
4055,Person_4055
4056,Person_4056
4057,Person_4057
4058,Person_4058
4059,Person_4059
4060,Person_4060
4061,Person_4061
4062,Person_4062
4063,Person_4063
4064,Person_4064
4065,Person_4065
4066,Person_4066
4067,Person_4067
4068,Person_4068
4069,Person_4069
4070,Person_4070
4071,Person_4071
4072,Person_4072
4073,Person_4073
4074,Person_4074
4075,Person_4075
4076,Person_4076
4077,Person_4077
4078,Person_4078
4079,Person_4079
4080,Person_4080
4081,Person_4081
4082,Person_4082
4083,Person_4083
4084,Person_4084
4085,Person_4085
4086,Person_4086
4087,Person_4087
4088,Person_4088
4089,Person_4089
4090,Person_4090
4091,Person_4091
4092,Person_4092
4093,Person_4093
4094,Person_4094
4095,Person_4095
4096,Person_4096
4097,Person_4097
4098,Person_4098
4099,Person_4099
4100,Person_4100
4101,Person_4101
4102,Person_4102
4103,Person_4103
4104,Person_4104
4105,Person_4105
4106,Person_4106
4107,Person_4107
4108,Person_4108
4109,Person_4109
4110,Person_4110
4111,Person_4111
4112,Person_4112
4113,Person_4113
4114,Person_4114
4115,Person_4115
4116,Person_4116
4117,Person_4117
4118,Person_4118
4119,Person_4119
4120,Person_4120
4121,Person_4121
4122,Person_4122
4123,Person_4123
4124,Person_4124
4125,Person_4125
4126,Person_4126
4127,Person_4127
4128,Person_4128
4129,Person_4129
4130,Person_4130
4131,Person_4131
4132,Person_4132
4133,Person_4133
4134,Person_4134
4135,Person_4135
4136,Person_4136
4137,Person_4137
4138,Person_4138
4139,Person_4139
4140,Person_4140
4141,Person_4141
4142,Person_4142
4143,Person_4143
4144,Person_4144
4145,Person_4145
4146,Person_4146
4147,Person_4147
4148,Person_4148
4149,Person_4149
4150,Person_4150
4151,Person_4151
4152,Person_4152
4153,Person_4153
4154,Person_4154
4155,Person_4155
4156,Person_4156
4157,Person_4157
4158,Person_4158
4159,Person_4159
4160,Person_4160
4161,Person_4161
4162,Person_4162
4163,Person_4163
4164,Person_4164
4165,Person_4165
4166,Person_4166
4167,Person_4167
4168,Person_4168
4169,Person_4169
4170,Person_4170
4171,Person_4171
4172,Person_4172
4173,Person_4173
4174,Person_4174
4175,Person_4175
4176,Person_4176
4177,Person_4177
4178,Person_4178
4179,Person_4179
4180,Person_4180
4181,Person_4181
4182,Person_4182
4183,Person_4183
4184,Person_4184
4185,Person_4185
4186,Person_4186
4187,Person_4187
4188,Person_4188
4189,Person_4189
4190,Person_4190
4191,Person_4191
4192,Person_4192
4193,Person_4193
4194,Person_4194
4195,Person_4195
4196,Person_4196
4197,Person_4197
4198,Person_4198
4199,Person_4199
4200,Person_4200
4201,Person_4201
4202,Person_4202
4203,Person_4203
4204,Person_4204
4205,Person_4205
4206,Person_4206
4207,Person_4207
4208,Person_4208
4209,Person_4209
4210,Person_4210
4211,Person_4211
4212,Person_4212
4213,Person_4213
4214,Person_4214
4215,Person_4215
4216,Person_4216
4217,Person_4217
4218,Person_4218
4219,Person_4219
4220,Person_4220
4221,Person_4221
4222,Person_4222
4223,Person_4223
4224,Person_4224
4225,Person_4225
4226,Person_4226
4227,Person_4227
4228,Person_4228
4229,Person_4229
4230,Person_4230
4231,Person_4231
4232,Person_4232
4233,Person_4233
4234,Person_4234
4235,Person_4235
4236,Person_4236
4237,Person_4237
4238,Person_4238
4239,Person_4239
4240,Person_4240
4241,Person_4241
4242,Person_4242
4243,Person_4243
4244,Person_4244
4245,Person_4245
4246,Person_4246
4247,Person_4247
4248,Person_4248
4249,Person_4249
4250,Person_4250
4251,Person_4251
4252,Person_4252
4253,Person_4253
4254,Person_4254
4255,Person_4255
4256,Person_4256
4257,Person_4257
4258,Person_4258
4259,Person_4259
4260,Person_4260
4261,Person_4261
4262,Person_4262
4263,Person_4263
4264,Person_4264
4265,Person_4265
4266,Person_4266
4267,Person_4267
4268,Person_4268
4269,Person_4269
4270,Person_4270
4271,Person_4271
4272,Person_4272
4273,Person_4273
4274,Person_4274
4275,Person_4275
4276,Person_4276
4277,Person_4277
4278,Person_4278
4279,Person_4279
4280,Person_4280
4281,Person_4281
4282,Person_4282
4283,Person_4283
4284,Person_4284
4285,Person_4285
4286,Person_4286
4287,Person_4287
4288,Person_4288
4289,Person_4289
4290,Person_4290
4291,Person_4291
4292,Person_4292
4293,Person_4293
4294,Person_4294
4295,Person_4295
4296,Person_4296
4297,Person_4297
4298,Person_4298
4299,Person_4299
4300,Person_4300
4301,Person_4301
4302,Person_4302
4303,Person_4303
4304,Person_4304
4305,Person_4305
4306,Person_4306
4307,Person_4307
4308,Person_4308
4309,Person_4309
4310,Person_4310
4311,Person_4311
4312,Person_4312
4313,Person_4313
4314,Person_4314
4315,Person_4315
4316,Person_4316
4317,Person_4317
4318,Person_4318
4319,Person_4319
4320,Person_4320
4321,Person_4321
4322,Person_4322
4323,Person_4323
4324,Person_4324
4325,Person_4325
4326,Person_4326
4327,Person_4327
4328,Person_4328
4329,Person_4329
4330,Person_4330
4331,Person_4331
4332,Person_4332
4333,Person_4333
4334,Person_4334
4335,Person_4335
4336,Person_4336
4337,Person_4337
4338,Person_4338
4339,Person_4339
4340,Person_4340
4341,Person_4341
4342,Person_4342
4343,Person_4343
4344,Person_4344
4345,Person_4345
4346,Person_4346
4347,Person_4347
4348,Person_4348
4349,Person_4349
4350,Person_4350
4351,Person_4351
4352,Person_4352
4353,Person_4353
4354,Person_4354
4355,Person_4355
4356,Person_4356
4357,Person_4357
4358,Person_4358
4359,Person_4359
4360,Person_4360
4361,Person_4361
4362,Person_4362
4363,Person_4363
4364,Person_4364
4365,Person_4365
4366,Person_4366
4367,Person_4367
4368,Person_4368
4369,Person_4369
4370,Person_4370
4371,Person_4371
4372,Person_4372
4373,Person_4373
4374,Person_4374
4375,Person_4375
4376,Person_4376
4377,Person_4377
4378,Person_4378
4379,Person_4379
4380,Person_4380
4381,Person_4381
4382,Person_4382
4383,Person_4383
4384,Person_4384
4385,Person_4385
4386,Person_4386
4387,Person_4387
4388,Person_4388
4389,Person_4389
4390,Person_4390
4391,Person_4391
4392,Person_4392
4393,Person_4393
4394,Person_4394
4395,Person_4395
4396,Person_4396
4397,Person_4397
4398,Person_4398
4399,Person_4399
4400,Person_4400
4401,Person_4401
4402,Person_4402
4403,Person_4403
4404,Person_4404
4405,Person_4405
4406,Person_4406
4407,Person_4407
4408,Person_4408
4409,Person_4409
4410,Person_4410
4411,Person_4411
4412,Person_4412
4413,Person_4413
4414,Person_4414
4415,Person_4415
4416,Person_4416
4417,Person_4417
4418,Person_4418
4419,Person_4419
4420,Person_4420
4421,Person_4421
4422,Person_4422
4423,Person_4423
4424,Person_4424
4425,Person_4425
4426,Person_4426
4427,Person_4427
4428,Person_4428
4429,Person_4429
4430,Person_4430
4431,Person_4431
4432,Person_4432
4433,Person_4433
4434,Person_4434
4435,Person_4435
4436,Person_4436
4437,Person_4437
4438,Person_4438
4439,Person_4439
4440,Person_4440
4441,Person_4441
4442,Person_4442
4443,Person_4443
4444,Person_4444
4445,Person_4445
4446,Person_4446
4447,Person_4447
4448,Person_4448
4449,Person_4449
4450,Person_4450
4451,Person_4451
4452,Person_4452
4453,Person_4453
4454,Person_4454
4455,Person_4455
4456,Person_4456
4457,Person_4457
4458,Person_4458
4459,Person_4459
4460,Person_4460
4461,Person_4461
4462,Person_4462
4463,Person_4463
4464,Person_4464
4465,Person_4465
4466,Person_4466
4467,Person_4467
4468,Person_4468
4469,Person_4469
4470,Person_4470
4471,Person_4471
4472,Person_4472
4473,Person_4473
4474,Person_4474
4475,Person_4475
4476,Person_4476
4477,Person_4477
4478,Person_4478
4479,Person_4479
4480,Person_4480
4481,Person_4481
4482,Person_4482
4483,Person_4483
4484,Person_4484
4485,Person_4485
4486,Person_4486
4487,Person_4487
4488,Person_4488
4489,Person_4489
4490,Person_4490
4491,Person_4491
4492,Person_4492
4493,Person_4493
4494,Person_4494
4495,Person_4495
4496,Person_4496
4497,Person_4497
4498,Person_4498
4499,Person_4499
4500,Person_4500
4501,Person_4501
4502,Person_4502
4503,Person_4503
4504,Person_4504
4505,Person_4505
4506,Person_4506
4507,Person_4507
4508,Person_4508
4509,Person_4509
4510,Person_4510
4511,Person_4511
4512,Person_4512
4513,Person_4513
4514,Person_4514
4515,Person_4515
4516,Person_4516
4517,Person_4517
4518,Person_4518
4519,Person_4519
4520,Person_4520
4521,Person_4521
4522,Person_4522
4523,Person_4523
4524,Person_4524
4525,Person_4525
4526,Person_4526
4527,Person_4527
4528,Person_4528
4529,Person_4529
4530,Person_4530
4531,Person_4531
4532,Person_4532
4533,Person_4533
4534,Person_4534
4535,Person_4535
4536,Person_4536
4537,Person_4537
4538,Person_4538
4539,Person_4539
4540,Person_4540
4541,Person_4541
4542,Person_4542
4543,Person_4543
4544,Person_4544
4545,Person_4545
4546,Person_4546
4547,Person_4547
4548,Person_4548
4549,Person_4549
4550,Person_4550
4551,Person_4551
4552,Person_4552
4553,Person_4553
4554,Person_4554
4555,Person_4555
4556,Person_4556
4557,Person_4557
4558,Person_4558
4559,Person_4559
4560,Person_4560
4561,Person_4561
4562,Person_4562
4563,Person_4563
4564,Person_4564
4565,Person_4565
4566,Person_4566
4567,Person_4567
4568,Person_4568
4569,Person_4569
4570,Person_4570
4571,Person_4571
4572,Person_4572
4573,Person_4573
4574,Person_4574
4575,Person_4575
4576,Person_4576
4577,Person_4577
4578,Person_4578
4579,Person_4579
4580,Person_4580
4581,Person_4581
4582,Person_4582
4583,Person_4583
4584,Person_4584
4585,Person_4585
4586,Person_4586
4587,Person_4587
4588,Person_4588
4589,Person_4589
4590,Person_4590
4591,Person_4591
4592,Person_4592
4593,Person_4593
4594,Person_4594
4595,Person_4595
4596,Person_4596
4597,Person_4597
4598,Person_4598
4599,Person_4599
4600,Person_4600
4601,Person_4601
4602,Person_4602
4603,Person_4603
4604,Person_4604
4605,Person_4605
4606,Person_4606
4607,Person_4607
4608,Person_4608
4609,Person_4609
4610,Person_4610
4611,Person_4611
4612,Person_4612
4613,Person_4613
4614,Person_4614
4615,Person_4615
4616,Person_4616
4617,Person_4617
4618,Person_4618
4619,Person_4619
4620,Person_4620
4621,Person_4621
4622,Person_4622
4623,Person_4623
4624,Person_4624
4625,Person_4625
4626,Person_4626
4627,Person_4627
4628,Person_4628
4629,Person_4629
4630,Person_4630
4631,Person_4631
4632,Person_4632
4633,Person_4633
4634,Person_4634
4635,Person_4635
4636,Person_4636
4637,Person_4637
4638,Person_4638
4639,Person_4639
4640,Person_4640
4641,Person_4641
4642,Person_4642
4643,Person_4643
4644,Person_4644
4645,Person_4645
4646,Person_4646
4647,Person_4647
4648,Person_4648
4649,Person_4649
4650,Person_4650
4651,Person_4651
4652,Person_4652
4653,Person_4653
4654,Person_4654
4655,Person_4655
4656,Person_4656
4657,Person_4657
4658,Person_4658
4659,Person_4659
4660,Person_4660
4661,Person_4661
4662,Person_4662
4663,Person_4663
4664,Person_4664
4665,Person_4665
4666,Person_4666
4667,Person_4667
4668,Person_4668
4669,Person_4669
4670,Person_4670
4671,Person_4671
4672,Person_4672
4673,Person_4673
4674,Person_4674
4675,Person_4675
4676,Person_4676
4677,Person_4677
4678,Person_4678
4679,Person_4679
4680,Person_4680
4681,Person_4681
4682,Person_4682
4683,Person_4683
4684,Person_4684
4685,Person_4685
4686,Person_4686
4687,Person_4687
4688,Person_4688
4689,Person_4689
4690,Person_4690
4691,Person_4691
4692,Person_4692
4693,Person_4693
4694,Person_4694
4695,Person_4695
4696,Person_4696
4697,Person_4697
4698,Person_4698
4699,Person_4699
4700,Person_4700
4701,Person_4701
4702,Person_4702
4703,Person_4703
4704,Person_4704
4705,Person_4705
4706,Person_4706
4707,Person_4707
4708,Person_4708
4709,Person_4709
4710,Person_4710
4711,Person_4711
4712,Person_4712
4713,Person_4713
4714,Person_4714
4715,Person_4715
4716,Person_4716
4717,Person_4717
4718,Person_4718
4719,Person_4719
4720,Person_4720
4721,Person_4721
4722,Person_4722
4723,Person_4723
4724,Person_4724
4725,Person_4725
4726,Person_4726
4727,Person_4727
4728,Person_4728
4729,Person_4729
4730,Person_4730
4731,Person_4731
4732,Person_4732
4733,Person_4733
4734,Person_4734
4735,Person_4735
4736,Person_4736
4737,Person_4737
4738,Person_4738
4739,Person_4739
4740,Person_4740
4741,Person_4741
4742,Person_4742
4743,Person_4743
4744,Person_4744
4745,Person_4745
4746,Person_4746
4747,Person_4747
4748,Person_4748
4749,Person_4749
4750,Person_4750
4751,Person_4751
4752,Person_4752
4753,Person_4753
4754,Person_4754
4755,Person_4755
4756,Person_4756
4757,Person_4757
4758,Person_4758
4759,Person_4759
4760,Person_4760
4761,Person_4761
4762,Person_4762
4763,Person_4763
4764,Person_4764
4765,Person_4765
4766,Person_4766
4767,Person_4767
4768,Person_4768
4769,Person_4769
4770,Person_4770
4771,Person_4771
4772,Person_4772
4773,Person_4773
4774,Person_4774
4775,Person_4775
4776,Person_4776
4777,Person_4777
4778,Person_4778
4779,Person_4779
4780,Person_4780
4781,Person_4781
4782,Person_4782
4783,Person_4783
4784,Person_4784
4785,Person_4785
4786,Person_4786
4787,Person_4787
4788,Person_4788
4789,Person_4789
4790,Person_4790
4791,Person_4791
4792,Person_4792
4793,Person_4793
4794,Person_4794
4795,Person_4795
4796,Person_4796
4797,Person_4797
4798,Person_4798
4799,Person_4799
4800,Person_4800
4801,Person_4801
4802,Person_4802
4803,Person_4803
4804,Person_4804
4805,Person_4805
4806,Person_4806
4807,Person_4807
4808,Person_4808
4809,Person_4809
4810,Person_4810
4811,Person_4811
4812,Person_4812
4813,Person_4813
4814,Person_4814
4815,Person_4815
4816,Person_4816
4817,Person_4817
4818,Person_4818
4819,Person_4819
4820,Person_4820
4821,Person_4821
4822,Person_4822
4823,Person_4823
4824,Person_4824
4825,Person_4825
4826,Person_4826
4827,Person_4827
4828,Person_4828
4829,Person_4829
4830,Person_4830
4831,Person_4831
4832,Person_4832
4833,Person_4833
4834,Person_4834
4835,Person_4835
4836,Person_4836
4837,Person_4837
4838,Person_4838
4839,Person_4839
4840,Person_4840
4841,Person_4841
4842,Person_4842
4843,Person_4843
4844,Person_4844
4845,Person_4845
4846,Person_4846
4847,Person_4847
4848,Person_4848
4849,Person_4849
4850,Person_4850
4851,Person_4851
4852,Person_4852
4853,Person_4853
4854,Person_4854
4855,Person_4855
4856,Person_4856
4857,Person_4857
4858,Person_4858
4859,Person_4859
4860,Person_4860
4861,Person_4861
4862,Person_4862
4863,Person_4863
4864,Person_4864
4865,Person_4865
4866,Person_4866
4867,Person_4867
4868,Person_4868
4869,Person_4869
4870,Person_4870
4871,Person_4871
4872,Person_4872
4873,Person_4873
4874,Person_4874
4875,Person_4875
4876,Person_4876
4877,Person_4877
4878,Person_4878
4879,Person_4879
4880,Person_4880
4881,Person_4881
4882,Person_4882
4883,Person_4883
4884,Person_4884
4885,Person_4885
4886,Person_4886
4887,Person_4887
4888,Person_4888
4889,Person_4889
4890,Person_4890
4891,Person_4891
4892,Person_4892
4893,Person_4893
4894,Person_4894
4895,Person_4895
4896,Person_4896
4897,Person_4897
4898,Person_4898
4899,Person_4899
4900,Person_4900
4901,Person_4901
4902,Person_4902
4903,Person_4903
4904,Person_4904
4905,Person_4905
4906,Person_4906
4907,Person_4907
4908,Person_4908
4909,Person_4909
4910,Person_4910
4911,Person_4911
4912,Person_4912
4913,Person_4913
4914,Person_4914
4915,Person_4915
4916,Person_4916
4917,Person_4917
4918,Person_4918
4919,Person_4919
4920,Person_4920
4921,Person_4921
4922,Person_4922
4923,Person_4923
4924,Person_4924
4925,Person_4925
4926,Person_4926
4927,Person_4927
4928,Person_4928
4929,Person_4929
4930,Person_4930
4931,Person_4931
4932,Person_4932
4933,Person_4933
4934,Person_4934
4935,Person_4935
4936,Person_4936
4937,Person_4937
4938,Person_4938
4939,Person_4939
4940,Person_4940
4941,Person_4941
4942,Person_4942
4943,Person_4943
4944,Person_4944
4945,Person_4945
4946,Person_4946
4947,Person_4947
4948,Person_4948
4949,Person_4949
4950,Person_4950
4951,Person_4951
4952,Person_4952
4953,Person_4953
4954,Person_4954
4955,Person_4955
4956,Person_4956
4957,Person_4957
4958,Person_4958
4959,Person_4959
4960,Person_4960
4961,Person_4961
4962,Person_4962
4963,Person_4963
4964,Person_4964
4965,Person_4965
4966,Person_4966
4967,Person_4967
4968,Person_4968
4969,Person_4969
4970,Person_4970
4971,Person_4971
4972,Person_4972
4973,Person_4973
4974,Person_4974
4975,Person_4975
4976,Person_4976
4977,Person_4977
4978,Person_4978
4979,Person_4979
4980,Person_4980
4981,Person_4981
4982,Person_4982
4983,Person_4983
4984,Person_4984
4985,Person_4985
4986,Person_4986
4987,Person_4987
4988,Person_4988
4989,Person_4989
4990,Person_4990
4991,Person_4991
4992,Person_4992
4993,Person_4993
4994,Person_4994
4995,Person_4995
4996,Person_4996
4997,Person_4997
4998,Person_4998
4999,Person_4999
5000,Person_5000
5001,Person_5001
5002,Person_5002
5003,Person_5003
5004,Person_5004
5005,Person_5005
5006,Person_5006
5007,Person_5007
5008,Person_5008
5009,Person_5009
5010,Person_5010
5011,Person_5011
5012,Person_5012
5013,Person_5013
5014,Person_5014
5015,Person_5015
5016,Person_5016
5017,Person_5017
5018,Person_5018
5019,Person_5019
5020,Person_5020
5021,Person_5021
5022,Person_5022
5023,Person_5023
5024,Person_5024
5025,Person_5025
5026,Person_5026
5027,Person_5027
5028,Person_5028
5029,Person_5029
5030,Person_5030
5031,Person_5031
5032,Person_5032
5033,Person_5033
5034,Person_5034
5035,Person_5035
5036,Person_5036
5037,Person_5037
5038,Person_5038
5039,Person_5039
5040,Person_5040
5041,Person_5041
5042,Person_5042
5043,Person_5043
5044,Person_5044
5045,Person_5045
5046,Person_5046
5047,Person_5047
5048,Person_5048
5049,Person_5049
5050,Person_5050
5051,Person_5051
5052,Person_5052
5053,Person_5053
5054,Person_5054
5055,Person_5055
5056,Person_5056
5057,Person_5057
5058,Person_5058
5059,Person_5059
5060,Person_5060
5061,Person_5061
5062,Person_5062
5063,Person_5063
5064,Person_5064
5065,Person_5065
5066,Person_5066
5067,Person_5067
5068,Person_5068
5069,Person_5069
5070,Person_5070
5071,Person_5071
5072,Person_5072
5073,Person_5073
5074,Person_5074
5075,Person_5075
5076,Person_5076
5077,Person_5077
5078,Person_5078
5079,Person_5079
5080,Person_5080
5081,Person_5081
5082,Person_5082
5083,Person_5083
5084,Person_5084
5085,Person_5085
5086,Person_5086
5087,Person_5087
5088,Person_5088
5089,Person_5089
5090,Person_5090
5091,Person_5091
5092,Person_5092
5093,Person_5093
5094,Person_5094
5095,Person_5095
5096,Person_5096
5097,Person_5097
5098,Person_5098
5099,Person_5099
5100,Person_5100
5101,Person_5101
5102,Person_5102
5103,Person_5103
5104,Person_5104
5105,Person_5105
5106,Person_5106
5107,Person_5107
5108,Person_5108
5109,Person_5109
5110,Person_5110
5111,Person_5111
5112,Person_5112
5113,Person_5113
5114,Person_5114
5115,Person_5115
5116,Person_5116
5117,Person_5117
5118,Person_5118
5119,Person_5119
5120,Person_5120
5121,Person_5121
5122,Person_5122
5123,Person_5123
5124,Person_5124
5125,Person_5125
5126,Person_5126
5127,Person_5127
5128,Person_5128
5129,Person_5129
5130,Person_5130
5131,Person_5131
5132,Person_5132
5133,Person_5133
5134,Person_5134
5135,Person_5135
5136,Person_5136
5137,Person_5137
5138,Person_5138
5139,Person_5139
5140,Person_5140
5141,Person_5141
5142,Person_5142
5143,Person_5143
5144,Person_5144
5145,Person_5145
5146,Person_5146
5147,Person_5147
5148,Person_5148
5149,Person_5149
5150,Person_5150
5151,Person_5151
5152,Person_5152
5153,Person_5153
5154,Person_5154
5155,Person_5155
5156,Person_5156
5157,Person_5157
5158,Person_5158
5159,Person_5159
5160,Person_5160
5161,Person_5161
5162,Person_5162
5163,Person_5163
5164,Person_5164
5165,Person_5165
5166,Person_5166
5167,Person_5167
5168,Person_5168
5169,Person_5169
5170,Person_5170
5171,Person_5171
5172,Person_5172
5173,Person_5173
5174,Person_5174
5175,Person_5175
5176,Person_5176
5177,Person_5177
5178,Person_5178
5179,Person_5179
5180,Person_5180
5181,Person_5181
5182,Person_5182
5183,Person_5183
5184,Person_5184
5185,Person_5185
5186,Person_5186
5187,Person_5187
5188,Person_5188
5189,Person_5189
5190,Person_5190
5191,Person_5191
5192,Person_5192
5193,Person_5193
5194,Person_5194
5195,Person_5195
5196,Person_5196
5197,Person_5197
5198,Person_5198
5199,Person_5199
5200,Person_5200
5201,Person_5201
5202,Person_5202
5203,Person_5203
5204,Person_5204
5205,Person_5205
5206,Person_5206
5207,Person_5207
5208,Person_5208
5209,Person_5209
5210,Person_5210
5211,Person_5211
5212,Person_5212
5213,Person_5213
5214,Person_5214
5215,Person_5215
5216,Person_5216
5217,Person_5217
5218,Person_5218
5219,Person_5219
5220,Person_5220
5221,Person_5221
5222,Person_5222
5223,Person_5223
5224,Person_5224
5225,Person_5225
5226,Person_5226
5227,Person_5227
5228,Person_5228
5229,Person_5229
5230,Person_5230
5231,Person_5231
5232,Person_5232
5233,Person_5233
5234,Person_5234
5235,Person_5235
5236,Person_5236
5237,Person_5237
5238,Person_5238
5239,Person_5239
5240,Person_5240
5241,Person_5241
5242,Person_5242
5243,Person_5243
5244,Person_5244
5245,Person_5245
5246,Person_5246
5247,Person_5247
5248,Person_5248
5249,Person_5249
5250,Person_5250
5251,Person_5251
5252,Person_5252
5253,Person_5253
5254,Person_5254
5255,Person_5255
5256,Person_5256
5257,Person_5257
5258,Person_5258
5259,Person_5259
5260,Person_5260
5261,Person_5261
5262,Person_5262
5263,Person_5263
5264,Person_5264
5265,Person_5265
5266,Person_5266
5267,Person_5267
5268,Person_5268
5269,Person_5269
5270,Person_5270
5271,Person_5271
5272,Person_5272
5273,Person_5273
5274,Person_5274
5275,Person_5275
5276,Person_5276
5277,Person_5277
5278,Person_5278
5279,Person_5279
5280,Person_5280
5281,Person_5281
5282,Person_5282
5283,Person_5283
5284,Person_5284
5285,Person_5285
5286,Person_5286
5287,Person_5287
5288,Person_5288
5289,Person_5289
5290,Person_5290
5291,Person_5291
5292,Person_5292
5293,Person_5293
5294,Person_5294
5295,Person_5295
5296,Person_5296
5297,Person_5297
5298,Person_5298
5299,Person_5299
5300,Person_5300
5301,Person_5301
5302,Person_5302
5303,Person_5303
5304,Person_5304
5305,Person_5305
5306,Person_5306
5307,Person_5307
5308,Person_5308
5309,Person_5309
5310,Person_5310
5311,Person_5311
5312,Person_5312
5313,Person_5313
5314,Person_5314
5315,Person_5315
5316,Person_5316
5317,Person_5317
5318,Person_5318
5319,Person_5319
5320,Person_5320
5321,Person_5321
5322,Person_5322
5323,Person_5323
5324,Person_5324
5325,Person_5325
5326,Person_5326
5327,Person_5327
5328,Person_5328
5329,Person_5329
5330,Person_5330
5331,Person_5331
5332,Person_5332
5333,Person_5333
5334,Person_5334
5335,Person_5335
5336,Person_5336
5337,Person_5337
5338,Person_5338
5339,Person_5339
5340,Person_5340
5341,Person_5341
5342,Person_5342
5343,Person_5343
5344,Person_5344
5345,Person_5345
5346,Person_5346
5347,Person_5347
5348,Person_5348
5349,Person_5349
5350,Person_5350
5351,Person_5351
5352,Person_5352
5353,Person_5353
5354,Person_5354
5355,Person_5355
5356,Person_5356
5357,Person_5357
5358,Person_5358
5359,Person_5359
5360,Person_5360
5361,Person_5361
5362,Person_5362
5363,Person_5363
5364,Person_5364
5365,Person_5365
5366,Person_5366
5367,Person_5367
5368,Person_5368
5369,Person_5369
5370,Person_5370
5371,Person_5371
5372,Person_5372
5373,Person_5373
5374,Person_5374
5375,Person_5375
5376,Person_5376
5377,Person_5377
5378,Person_5378
5379,Person_5379
5380,Person_5380
5381,Person_5381
5382,Person_5382
5383,Person_5383
5384,Person_5384
5385,Person_5385
5386,Person_5386
5387,Person_5387
5388,Person_5388
5389,Person_5389
5390,Person_5390
5391,Person_5391
5392,Person_5392
5393,Person_5393
5394,Person_5394
5395,Person_5395
5396,Person_5396
5397,Person_5397
5398,Person_5398
5399,Person_5399
5400,Person_5400
5401,Person_5401
5402,Person_5402
5403,Person_5403
5404,Person_5404
5405,Person_5405
5406,Person_5406
5407,Person_5407
5408,Person_5408
5409,Person_5409
5410,Person_5410
5411,Person_5411
5412,Person_5412
5413,Person_5413
5414,Person_5414
5415,Person_5415
5416,Person_5416
5417,Person_5417
5418,Person_5418
5419,Person_5419
5420,Person_5420
5421,Person_5421
5422,Person_5422
5423,Person_5423
5424,Person_5424
5425,Person_5425
5426,Person_5426
5427,Person_5427
5428,Person_5428
5429,Person_5429
5430,Person_5430
5431,Person_5431
5432,Person_5432
5433,Person_5433
5434,Person_5434
5435,Person_5435
5436,Person_5436
5437,Person_5437
5438,Person_5438
5439,Person_5439
5440,Person_5440
5441,Person_5441
5442,Person_5442
5443,Person_5443
5444,Person_5444
5445,Person_5445
5446,Person_5446
5447,Person_5447
5448,Person_5448
5449,Person_5449
5450,Person_5450
5451,Person_5451
5452,Person_5452
5453,Person_5453
5454,Person_5454
5455,Person_5455
5456,Person_5456
5457,Person_5457
5458,Person_5458
5459,Person_5459
5460,Person_5460
5461,Person_5461
5462,Person_5462
5463,Person_5463
5464,Person_5464
5465,Person_5465
5466,Person_5466
5467,Person_5467
5468,Person_5468
5469,Person_5469
5470,Person_5470
5471,Person_5471
5472,Person_5472
5473,Person_5473
5474,Person_5474
5475,Person_5475
5476,Person_5476
5477,Person_5477
5478,Person_5478
5479,Person_5479
5480,Person_5480
5481,Person_5481
5482,Person_5482
5483,Person_5483
5484,Person_5484
5485,Person_5485
5486,Person_5486
5487,Person_5487
5488,Person_5488
5489,Person_5489
5490,Person_5490
5491,Person_5491
5492,Person_5492
5493,Person_5493
5494,Person_5494
5495,Person_5495
5496,Person_5496
5497,Person_5497
5498,Person_5498
5499,Person_5499
5500,Person_5500
5501,Person_5501
5502,Person_5502
5503,Person_5503
5504,Person_5504
5505,Person_5505
5506,Person_5506
5507,Person_5507
5508,Person_5508
5509,Person_5509
5510,Person_5510
5511,Person_5511
5512,Person_5512
5513,Person_5513
5514,Person_5514
5515,Person_5515
5516,Person_5516
5517,Person_5517
5518,Person_5518
5519,Person_5519
5520,Person_5520
5521,Person_5521
5522,Person_5522
5523,Person_5523
5524,Person_5524
5525,Person_5525
5526,Person_5526
5527,Person_5527
5528,Person_5528
5529,Person_5529
5530,Person_5530
5531,Person_5531
5532,Person_5532
5533,Person_5533
5534,Person_5534
5535,Person_5535
5536,Person_5536
5537,Person_5537
5538,Person_5538
5539,Person_5539
5540,Person_5540
5541,Person_5541
5542,Person_5542
5543,Person_5543
5544,Person_5544
5545,Person_5545
5546,Person_5546
5547,Person_5547
5548,Person_5548
5549,Person_5549
5550,Person_5550
5551,Person_5551
5552,Person_5552
5553,Person_5553
5554,Person_5554
5555,Person_5555
5556,Person_5556
5557,Person_5557
5558,Person_5558
5559,Person_5559
5560,Person_5560
5561,Person_5561
5562,Person_5562
5563,Person_5563
5564,Person_5564
5565,Person_5565
5566,Person_5566
5567,Person_5567
5568,Person_5568
5569,Person_5569
5570,Person_5570
5571,Person_5571
5572,Person_5572
5573,Person_5573
5574,Person_5574
5575,Person_5575
5576,Person_5576
5577,Person_5577
5578,Person_5578
5579,Person_5579
5580,Person_5580
5581,Person_5581
5582,Person_5582
5583,Person_5583
5584,Person_5584
5585,Person_5585
5586,Person_5586
5587,Person_5587
5588,Person_5588
5589,Person_5589
5590,Person_5590
5591,Person_5591
5592,Person_5592
5593,Person_5593
5594,Person_5594
5595,Person_5595
5596,Person_5596
5597,Person_5597
5598,Person_5598
5599,Person_5599
5600,Person_5600
5601,Person_5601
5602,Person_5602
5603,Person_5603
5604,Person_5604
5605,Person_5605
5606,Person_5606
5607,Person_5607
5608,Person_5608
5609,Person_5609
5610,Person_5610
5611,Person_5611
5612,Person_5612
5613,Person_5613
5614,Person_5614
5615,Person_5615
5616,Person_5616
5617,Person_5617
5618,Person_5618
5619,Person_5619
5620,Person_5620
5621,Person_5621
5622,Person_5622
5623,Person_5623
5624,Person_5624
5625,Person_5625
5626,Person_5626
5627,Person_5627
5628,Person_5628
5629,Person_5629
5630,Person_5630
5631,Person_5631
5632,Person_5632
5633,Person_5633
5634,Person_5634
5635,Person_5635
5636,Person_5636
5637,Person_5637
5638,Person_5638
5639,Person_5639
5640,Person_5640
5641,Person_5641
5642,Person_5642
5643,Person_5643
5644,Person_5644
5645,Person_5645
5646,Person_5646
5647,Person_5647
5648,Person_5648
5649,Person_5649
5650,Person_5650
5651,Person_5651
5652,Person_5652
5653,Person_5653
5654,Person_5654
5655,Person_5655
5656,Person_5656
5657,Person_5657
5658,Person_5658
5659,Person_5659
5660,Person_5660
5661,Person_5661
5662,Person_5662
5663,Person_5663
5664,Person_5664
5665,Person_5665
5666,Person_5666
5667,Person_5667
5668,Person_5668
5669,Person_5669
5670,Person_5670
5671,Person_5671
5672,Person_5672
5673,Person_5673
5674,Person_5674
5675,Person_5675
5676,Person_5676
5677,Person_5677
5678,Person_5678
5679,Person_5679
5680,Person_5680
5681,Person_5681
5682,Person_5682
5683,Person_5683
5684,Person_5684
5685,Person_5685
5686,Person_5686
5687,Person_5687
5688,Person_5688
5689,Person_5689
5690,Person_5690
5691,Person_5691
5692,Person_5692
5693,Person_5693
5694,Person_5694
5695,Person_5695
5696,Person_5696
5697,Person_5697
5698,Person_5698
5699,Person_5699
5700,Person_5700
5701,Person_5701
5702,Person_5702
5703,Person_5703
5704,Person_5704
5705,Person_5705
5706,Person_5706
5707,Person_5707
5708,Person_5708
5709,Person_5709
5710,Person_5710
5711,Person_5711
5712,Person_5712
5713,Person_5713
5714,Person_5714
5715,Person_5715
5716,Person_5716
5717,Person_5717
5718,Person_5718
5719,Person_5719
5720,Person_5720
5721,Person_5721
5722,Person_5722
5723,Person_5723
5724,Person_5724
5725,Person_5725
5726,Person_5726
5727,Person_5727
5728,Person_5728
5729,Person_5729
5730,Person_5730
5731,Person_5731
5732,Person_5732
5733,Person_5733
5734,Person_5734
5735,Person_5735
5736,Person_5736
5737,Person_5737
5738,Person_5738
5739,Person_5739
5740,Person_5740
5741,Person_5741
5742,Person_5742
5743,Person_5743
5744,Person_5744
5745,Person_5745
5746,Person_5746
5747,Person_5747
5748,Person_5748
5749,Person_5749
5750,Person_5750
5751,Person_5751
5752,Person_5752
5753,Person_5753
5754,Person_5754
5755,Person_5755
5756,Person_5756
5757,Person_5757
5758,Person_5758
5759,Person_5759
5760,Person_5760
5761,Person_5761
5762,Person_5762
5763,Person_5763
5764,Person_5764
5765,Person_5765
5766,Person_5766
5767,Person_5767
5768,Person_5768
5769,Person_5769
5770,Person_5770
5771,Person_5771
5772,Person_5772
5773,Person_5773
5774,Person_5774
5775,Person_5775
5776,Person_5776
5777,Person_5777
5778,Person_5778
5779,Person_5779
5780,Person_5780
5781,Person_5781
5782,Person_5782
5783,Person_5783
5784,Person_5784
5785,Person_5785
5786,Person_5786
5787,Person_5787
5788,Person_5788
5789,Person_5789
5790,Person_5790
5791,Person_5791
5792,Person_5792
5793,Person_5793
5794,Person_5794
5795,Person_5795
5796,Person_5796
5797,Person_5797
5798,Person_5798
5799,Person_5799
5800,Person_5800
5801,Person_5801
5802,Person_5802
5803,Person_5803
5804,Person_5804
5805,Person_5805
5806,Person_5806
5807,Person_5807
5808,Person_5808
5809,Person_5809
5810,Person_5810
5811,Person_5811
5812,Person_5812
5813,Person_5813
5814,Person_5814
5815,Person_5815
5816,Person_5816
5817,Person_5817
5818,Person_5818
5819,Person_5819
5820,Person_5820
5821,Person_5821
5822,Person_5822
5823,Person_5823
5824,Person_5824
5825,Person_5825
5826,Person_5826
5827,Person_5827
5828,Person_5828
5829,Person_5829
5830,Person_5830
5831,Person_5831
5832,Person_5832
5833,Person_5833
5834,Person_5834
5835,Person_5835
5836,Person_5836
5837,Person_5837
5838,Person_5838
5839,Person_5839
5840,Person_5840
5841,Person_5841
5842,Person_5842
5843,Person_5843
5844,Person_5844
5845,Person_5845
5846,Person_5846
5847,Person_5847
5848,Person_5848
5849,Person_5849
5850,Person_5850
5851,Person_5851
5852,Person_5852
5853,Person_5853
5854,Person_5854
5855,Person_5855
5856,Person_5856
5857,Person_5857
5858,Person_5858
5859,Person_5859
5860,Person_5860
5861,Person_5861
5862,Person_5862
5863,Person_5863
5864,Person_5864
5865,Person_5865
5866,Person_5866
5867,Person_5867
5868,Person_5868
5869,Person_5869
5870,Person_5870
5871,Person_5871
5872,Person_5872
5873,Person_5873
5874,Person_5874
5875,Person_5875
5876,Person_5876
5877,Person_5877
5878,Person_5878
5879,Person_5879
5880,Person_5880
5881,Person_5881
5882,Person_5882
5883,Person_5883
5884,Person_5884
5885,Person_5885
5886,Person_5886
5887,Person_5887
5888,Person_5888
5889,Person_5889
5890,Person_5890
5891,Person_5891
5892,Person_5892
5893,Person_5893
5894,Person_5894
5895,Person_5895
5896,Person_5896
5897,Person_5897
5898,Person_5898
5899,Person_5899
5900,Person_5900
5901,Person_5901
5902,Person_5902
5903,Person_5903
5904,Person_5904
5905,Person_5905
5906,Person_5906
5907,Person_5907
5908,Person_5908
5909,Person_5909
5910,Person_5910
5911,Person_5911
5912,Person_5912
5913,Person_5913
5914,Person_5914
5915,Person_5915
5916,Person_5916
5917,Person_5917
5918,Person_5918
5919,Person_5919
5920,Person_5920
5921,Person_5921
5922,Person_5922
5923,Person_5923
5924,Person_5924
5925,Person_5925
5926,Person_5926
5927,Person_5927
5928,Person_5928
5929,Person_5929
5930,Person_5930
5931,Person_5931
5932,Person_5932
5933,Person_5933
5934,Person_5934
5935,Person_5935
5936,Person_5936
5937,Person_5937
5938,Person_5938
5939,Person_5939
5940,Person_5940
5941,Person_5941
5942,Person_5942
5943,Person_5943
5944,Person_5944
5945,Person_5945
5946,Person_5946
5947,Person_5947
5948,Person_5948
5949,Person_5949
5950,Person_5950
5951,Person_5951
5952,Person_5952
5953,Person_5953
5954,Person_5954
5955,Person_5955
5956,Person_5956
5957,Person_5957
5958,Person_5958
5959,Person_5959
5960,Person_5960
5961,Person_5961
5962,Person_5962
5963,Person_5963
5964,Person_5964
5965,Person_5965
5966,Person_5966
5967,Person_5967
5968,Person_5968
5969,Person_5969
5970,Person_5970
5971,Person_5971
5972,Person_5972
5973,Person_5973
5974,Person_5974
5975,Person_5975
5976,Person_5976
5977,Person_5977
5978,Person_5978
5979,Person_5979
5980,Person_5980
5981,Person_5981
5982,Person_5982
5983,Person_5983
5984,Person_5984
5985,Person_5985
5986,Person_5986
5987,Person_5987
5988,Person_5988
5989,Person_5989
5990,Person_5990
5991,Person_5991
5992,Person_5992
5993,Person_5993
5994,Person_5994
5995,Person_5995
5996,Person_5996
5997,Person_5997
5998,Person_5998
5999,Person_5999
6000,Person_6000
6001,Person_6001
6002,Person_6002
6003,Person_6003
6004,Person_6004
6005,Person_6005
6006,Person_6006
6007,Person_6007
6008,Person_6008
6009,Person_6009
6010,Person_6010
6011,Person_6011
6012,Person_6012
6013,Person_6013
6014,Person_6014
6015,Person_6015
6016,Person_6016
6017,Person_6017
6018,Person_6018
6019,Person_6019
6020,Person_6020
6021,Person_6021
6022,Person_6022
6023,Person_6023
6024,Person_6024
6025,Person_6025
6026,Person_6026
6027,Person_6027
6028,Person_6028
6029,Person_6029
6030,Person_6030
6031,Person_6031
6032,Person_6032
6033,Person_6033
6034,Person_6034
6035,Person_6035
6036,Person_6036
6037,Person_6037
6038,Person_6038
6039,Person_6039
6040,Person_6040
6041,Person_6041
6042,Person_6042
6043,Person_6043
6044,Person_6044
6045,Person_6045
6046,Person_6046
6047,Person_6047
6048,Person_6048
6049,Person_6049
6050,Person_6050
6051,Person_6051
6052,Person_6052
6053,Person_6053
6054,Person_6054
6055,Person_6055
6056,Person_6056
6057,Person_6057
6058,Person_6058
6059,Person_6059
6060,Person_6060
6061,Person_6061
6062,Person_6062
6063,Person_6063
6064,Person_6064
6065,Person_6065
6066,Person_6066
6067,Person_6067
6068,Person_6068
6069,Person_6069
6070,Person_6070
6071,Person_6071
6072,Person_6072
6073,Person_6073
6074,Person_6074
6075,Person_6075
6076,Person_6076
6077,Person_6077
6078,Person_6078
6079,Person_6079
6080,Person_6080
6081,Person_6081
6082,Person_6082
6083,Person_6083
6084,Person_6084
6085,Person_6085
6086,Person_6086
6087,Person_6087
6088,Person_6088
6089,Person_6089
6090,Person_6090
6091,Person_6091
6092,Person_6092
6093,Person_6093
6094,Person_6094
6095,Person_6095
6096,Person_6096
6097,Person_6097
6098,Person_6098
6099,Person_6099
6100,Person_6100
6101,Person_6101
6102,Person_6102
6103,Person_6103
6104,Person_6104
6105,Person_6105
6106,Person_6106
6107,Person_6107
6108,Person_6108
6109,Person_6109
6110,Person_6110
6111,Person_6111
6112,Person_6112
6113,Person_6113
6114,Person_6114
6115,Person_6115
6116,Person_6116
6117,Person_6117
6118,Person_6118
6119,Person_6119
6120,Person_6120
6121,Person_6121
6122,Person_6122
6123,Person_6123
6124,Person_6124
6125,Person_6125
6126,Person_6126
6127,Person_6127
6128,Person_6128
6129,Person_6129
6130,Person_6130
6131,Person_6131
6132,Person_6132
6133,Person_6133
6134,Person_6134
6135,Person_6135
6136,Person_6136
6137,Person_6137
6138,Person_6138
6139,Person_6139
6140,Person_6140
6141,Person_6141
6142,Person_6142
6143,Person_6143
6144,Person_6144
6145,Person_6145
6146,Person_6146
6147,Person_6147
6148,Person_6148
6149,Person_6149
6150,Person_6150
6151,Person_6151
6152,Person_6152
6153,Person_6153
6154,Person_6154
6155,Person_6155
6156,Person_6156
6157,Person_6157
6158,Person_6158
6159,Person_6159
6160,Person_6160
6161,Person_6161
6162,Person_6162
6163,Person_6163
6164,Person_6164
6165,Person_6165
6166,Person_6166
6167,Person_6167
6168,Person_6168
6169,Person_6169
6170,Person_6170
6171,Person_6171
6172,Person_6172
6173,Person_6173
6174,Person_6174
6175,Person_6175
6176,Person_6176
6177,Person_6177
6178,Person_6178
6179,Person_6179
6180,Person_6180
6181,Person_6181
6182,Person_6182
6183,Person_6183
6184,Person_6184
6185,Person_6185
6186,Person_6186
6187,Person_6187
6188,Person_6188
6189,Person_6189
6190,Person_6190
6191,Person_6191
6192,Person_6192
6193,Person_6193
6194,Person_6194
6195,Person_6195
6196,Person_6196
6197,Person_6197
6198,Person_6198
6199,Person_6199
6200,Person_6200
6201,Person_6201
6202,Person_6202
6203,Person_6203
6204,Person_6204
6205,Person_6205
6206,Person_6206
6207,Person_6207
6208,Person_6208
6209,Person_6209
6210,Person_6210
6211,Person_6211
6212,Person_6212
6213,Person_6213
6214,Person_6214
6215,Person_6215
6216,Person_6216
6217,Person_6217
6218,Person_6218
6219,Person_6219
6220,Person_6220
6221,Person_6221
6222,Person_6222
6223,Person_6223
6224,Person_6224
6225,Person_6225
6226,Person_6226
6227,Person_6227
6228,Person_6228
6229,Person_6229
6230,Person_6230
6231,Person_6231
6232,Person_6232
6233,Person_6233
6234,Person_6234
6235,Person_6235
6236,Person_6236
6237,Person_6237
6238,Person_6238
6239,Person_6239
6240,Person_6240
6241,Person_6241
6242,Person_6242
6243,Person_6243
6244,Person_6244
6245,Person_6245
6246,Person_6246
6247,Person_6247
6248,Person_6248
6249,Person_6249
6250,Person_6250
6251,Person_6251
6252,Person_6252
6253,Person_6253
6254,Person_6254
6255,Person_6255
6256,Person_6256
6257,Person_6257
6258,Person_6258
6259,Person_6259
6260,Person_6260
6261,Person_6261
6262,Person_6262
6263,Person_6263
6264,Person_6264
6265,Person_6265
6266,Person_6266
6267,Person_6267
6268,Person_6268
6269,Person_6269
6270,Person_6270
6271,Person_6271
6272,Person_6272
6273,Person_6273
6274,Person_6274
6275,Person_6275
6276,Person_6276
6277,Person_6277
6278,Person_6278
6279,Person_6279
6280,Person_6280
6281,Person_6281
6282,Person_6282
6283,Person_6283
6284,Person_6284
6285,Person_6285
6286,Person_6286
6287,Person_6287
6288,Person_6288
6289,Person_6289
6290,Person_6290
6291,Person_6291
6292,Person_6292
6293,Person_6293
6294,Person_6294
6295,Person_6295
6296,Person_6296
6297,Person_6297
6298,Person_6298
6299,Person_6299
6300,Person_6300
6301,Person_6301
6302,Person_6302
6303,Person_6303
6304,Person_6304
6305,Person_6305
6306,Person_6306
6307,Person_6307
6308,Person_6308
6309,Person_6309
6310,Person_6310
6311,Person_6311
6312,Person_6312
6313,Person_6313
6314,Person_6314
6315,Person_6315
6316,Person_6316
6317,Person_6317
6318,Person_6318
6319,Person_6319
6320,Person_6320
6321,Person_6321
6322,Person_6322
6323,Person_6323
6324,Person_6324
6325,Person_6325
6326,Person_6326
6327,Person_6327
6328,Person_6328
6329,Person_6329
6330,Person_6330
6331,Person_6331
6332,Person_6332
6333,Person_6333
6334,Person_6334
6335,Person_6335
6336,Person_6336
6337,Person_6337
6338,Person_6338
6339,Person_6339
6340,Person_6340
6341,Person_6341
6342,Person_6342
6343,Person_6343
6344,Person_6344
6345,Person_6345
6346,Person_6346
6347,Person_6347
6348,Person_6348
6349,Person_6349
6350,Person_6350
6351,Person_6351
6352,Person_6352
6353,Person_6353
6354,Person_6354
6355,Person_6355
6356,Person_6356
6357,Person_6357
6358,Person_6358
6359,Person_6359
6360,Person_6360
6361,Person_6361
6362,Person_6362
6363,Person_6363
6364,Person_6364
6365,Person_6365
6366,Person_6366
6367,Person_6367
6368,Person_6368
6369,Person_6369
6370,Person_6370
6371,Person_6371
6372,Person_6372
6373,Person_6373
6374,Person_6374
6375,Person_6375
6376,Person_6376
6377,Person_6377
6378,Person_6378
6379,Person_6379
6380,Person_6380
6381,Person_6381
6382,Person_6382
6383,Person_6383
6384,Person_6384
6385,Person_6385
6386,Person_6386
6387,Person_6387
6388,Person_6388
6389,Person_6389
6390,Person_6390
6391,Person_6391
6392,Person_6392
6393,Person_6393
6394,Person_6394
6395,Person_6395
6396,Person_6396
6397,Person_6397
6398,Person_6398
6399,Person_6399
6400,Person_6400
6401,Person_6401
6402,Person_6402
6403,Person_6403
6404,Person_6404
6405,Person_6405
6406,Person_6406
6407,Person_6407
6408,Person_6408
6409,Person_6409
6410,Person_6410
6411,Person_6411
6412,Person_6412
6413,Person_6413
6414,Person_6414
6415,Person_6415
6416,Person_6416
6417,Person_6417
6418,Person_6418
6419,Person_6419
6420,Person_6420
6421,Person_6421
6422,Person_6422
6423,Person_6423
6424,Person_6424
6425,Person_6425
6426,Person_6426
6427,Person_6427
6428,Person_6428
6429,Person_6429
6430,Person_6430
6431,Person_6431
6432,Person_6432
6433,Person_6433
6434,Person_6434
6435,Person_6435
6436,Person_6436
6437,Person_6437
6438,Person_6438
6439,Person_6439
6440,Person_6440
6441,Person_6441
6442,Person_6442
6443,Person_6443
6444,Person_6444
6445,Person_6445
6446,Person_6446
6447,Person_6447
6448,Person_6448
6449,Person_6449
6450,Person_6450
6451,Person_6451
6452,Person_6452
6453,Person_6453
6454,Person_6454
6455,Person_6455
6456,Person_6456
6457,Person_6457
6458,Person_6458
6459,Person_6459
6460,Person_6460
6461,Person_6461
6462,Person_6462
6463,Person_6463
6464,Person_6464
6465,Person_6465
6466,Person_6466
6467,Person_6467
6468,Person_6468
6469,Person_6469
6470,Person_6470
6471,Person_6471
6472,Person_6472
6473,Person_6473
6474,Person_6474
6475,Person_6475
6476,Person_6476
6477,Person_6477
6478,Person_6478
6479,Person_6479
6480,Person_6480
6481,Person_6481
6482,Person_6482
6483,Person_6483
6484,Person_6484
6485,Person_6485
6486,Person_6486
6487,Person_6487
6488,Person_6488
6489,Person_6489
6490,Person_6490
6491,Person_6491
6492,Person_6492
6493,Person_6493
6494,Person_6494
6495,Person_6495
6496,Person_6496
6497,Person_6497
6498,Person_6498
6499,Person_6499
6500,Person_6500
6501,Person_6501
6502,Person_6502
6503,Person_6503
6504,Person_6504
6505,Person_6505
6506,Person_6506
6507,Person_6507
6508,Person_6508
6509,Person_6509
6510,Person_6510
6511,Person_6511
6512,Person_6512
6513,Person_6513
6514,Person_6514
6515,Person_6515
6516,Person_6516
6517,Person_6517
6518,Person_6518
6519,Person_6519
6520,Person_6520
6521,Person_6521
6522,Person_6522
6523,Person_6523
6524,Person_6524
6525,Person_6525
6526,Person_6526
6527,Person_6527
6528,Person_6528
6529,Person_6529
6530,Person_6530
6531,Person_6531
6532,Person_6532
6533,Person_6533
6534,Person_6534
6535,Person_6535
6536,Person_6536
6537,Person_6537
6538,Person_6538
6539,Person_6539
6540,Person_6540
6541,Person_6541
6542,Person_6542
6543,Person_6543
6544,Person_6544
6545,Person_6545
6546,Person_6546
6547,Person_6547
6548,Person_6548
6549,Person_6549
6550,Person_6550
6551,Person_6551
6552,Person_6552
6553,Person_6553
6554,Person_6554
6555,Person_6555
6556,Person_6556
6557,Person_6557
6558,Person_6558
6559,Person_6559
6560,Person_6560
6561,Person_6561
6562,Person_6562
6563,Person_6563
6564,Person_6564
6565,Person_6565
6566,Person_6566
6567,Person_6567
6568,Person_6568
6569,Person_6569
6570,Person_6570
6571,Person_6571
6572,Person_6572
6573,Person_6573
6574,Person_6574
6575,Person_6575
6576,Person_6576
6577,Person_6577
6578,Person_6578
6579,Person_6579
6580,Person_6580
6581,Person_6581
6582,Person_6582
6583,Person_6583
6584,Person_6584
6585,Person_6585
6586,Person_6586
6587,Person_6587
6588,Person_6588
6589,Person_6589
6590,Person_6590
6591,Person_6591
6592,Person_6592
6593,Person_6593
6594,Person_6594
6595,Person_6595
6596,Person_6596
6597,Person_6597
6598,Person_6598
6599,Person_6599
6600,Person_6600
6601,Person_6601
6602,Person_6602
6603,Person_6603
6604,Person_6604
6605,Person_6605
6606,Person_6606
6607,Person_6607
6608,Person_6608
6609,Person_6609
6610,Person_6610
6611,Person_6611
6612,Person_6612
6613,Person_6613
6614,Person_6614
6615,Person_6615
6616,Person_6616
6617,Person_6617
6618,Person_6618
6619,Person_6619
6620,Person_6620
6621,Person_6621
6622,Person_6622
6623,Person_6623
6624,Person_6624
6625,Person_6625
6626,Person_6626
6627,Person_6627
6628,Person_6628
6629,Person_6629
6630,Person_6630
6631,Person_6631
6632,Person_6632
6633,Person_6633
6634,Person_6634
6635,Person_6635
6636,Person_6636
6637,Person_6637
6638,Person_6638
6639,Person_6639
6640,Person_6640
6641,Person_6641
6642,Person_6642
6643,Person_6643
6644,Person_6644
6645,Person_6645
6646,Person_6646
6647,Person_6647
6648,Person_6648
6649,Person_6649
6650,Person_6650
6651,Person_6651
6652,Person_6652
6653,Person_6653
6654,Person_6654
6655,Person_6655
6656,Person_6656
6657,Person_6657
6658,Person_6658
6659,Person_6659
6660,Person_6660
6661,Person_6661
6662,Person_6662
6663,Person_6663
6664,Person_6664
6665,Person_6665
6666,Person_6666
6667,Person_6667
6668,Person_6668
6669,Person_6669
6670,Person_6670
6671,Person_6671
6672,Person_6672
6673,Person_6673
6674,Person_6674
6675,Person_6675
6676,Person_6676
6677,Person_6677
6678,Person_6678
6679,Person_6679
6680,Person_6680
6681,Person_6681
6682,Person_6682
6683,Person_6683
6684,Person_6684
6685,Person_6685
6686,Person_6686
6687,Person_6687
6688,Person_6688
6689,Person_6689
6690,Person_6690
6691,Person_6691
6692,Person_6692
6693,Person_6693
6694,Person_6694
6695,Person_6695
6696,Person_6696
6697,Person_6697
6698,Person_6698
6699,Person_6699
6700,Person_6700
6701,Person_6701
6702,Person_6702
6703,Person_6703
6704,Person_6704
6705,Person_6705
6706,Person_6706
6707,Person_6707
6708,Person_6708
6709,Person_6709
6710,Person_6710
6711,Person_6711
6712,Person_6712
6713,Person_6713
6714,Person_6714
6715,Person_6715
6716,Person_6716
6717,Person_6717
6718,Person_6718
6719,Person_6719
6720,Person_6720
6721,Person_6721
6722,Person_6722
6723,Person_6723
6724,Person_6724
6725,Person_6725
6726,Person_6726
6727,Person_6727
6728,Person_6728
6729,Person_6729
6730,Person_6730
6731,Person_6731
6732,Person_6732
6733,Person_6733
6734,Person_6734
6735,Person_6735
6736,Person_6736
6737,Person_6737
6738,Person_6738
6739,Person_6739
6740,Person_6740
6741,Person_6741
6742,Person_6742
6743,Person_6743
6744,Person_6744
6745,Person_6745
6746,Person_6746
6747,Person_6747
6748,Person_6748
6749,Person_6749
6750,Person_6750
6751,Person_6751
6752,Person_6752
6753,Person_6753
6754,Person_6754
6755,Person_6755
6756,Person_6756
6757,Person_6757
6758,Person_6758
6759,Person_6759
6760,Person_6760
6761,Person_6761
6762,Person_6762
6763,Person_6763
6764,Person_6764
6765,Person_6765
6766,Person_6766
6767,Person_6767
6768,Person_6768
6769,Person_6769
6770,Person_6770
6771,Person_6771
6772,Person_6772
6773,Person_6773
6774,Person_6774
6775,Person_6775
6776,Person_6776
6777,Person_6777
6778,Person_6778
6779,Person_6779
6780,Person_6780
6781,Person_6781
6782,Person_6782
6783,Person_6783
6784,Person_6784
6785,Person_6785
6786,Person_6786
6787,Person_6787
6788,Person_6788
6789,Person_6789
6790,Person_6790
6791,Person_6791
6792,Person_6792
6793,Person_6793
6794,Person_6794
6795,Person_6795
6796,Person_6796
6797,Person_6797
6798,Person_6798
6799,Person_6799
6800,Person_6800
6801,Person_6801
6802,Person_6802
6803,Person_6803
6804,Person_6804
6805,Person_6805
6806,Person_6806
6807,Person_6807
6808,Person_6808
6809,Person_6809
6810,Person_6810
6811,Person_6811
6812,Person_6812
6813,Person_6813
6814,Person_6814
6815,Person_6815
6816,Person_6816
6817,Person_6817
6818,Person_6818
6819,Person_6819
6820,Person_6820
6821,Person_6821
6822,Person_6822
6823,Person_6823
6824,Person_6824
6825,Person_6825
6826,Person_6826
6827,Person_6827
6828,Person_6828
6829,Person_6829
6830,Person_6830
6831,Person_6831
6832,Person_6832
6833,Person_6833
6834,Person_6834
6835,Person_6835
6836,Person_6836
6837,Person_6837
6838,Person_6838
6839,Person_6839
6840,Person_6840
6841,Person_6841
6842,Person_6842
6843,Person_6843
6844,Person_6844
6845,Person_6845
6846,Person_6846
6847,Person_6847
6848,Person_6848
6849,Person_6849
6850,Person_6850
6851,Person_6851
6852,Person_6852
6853,Person_6853
6854,Person_6854
6855,Person_6855
6856,Person_6856
6857,Person_6857
6858,Person_6858
6859,Person_6859
6860,Person_6860
6861,Person_6861
6862,Person_6862
6863,Person_6863
6864,Person_6864
6865,Person_6865
6866,Person_6866
6867,Person_6867
6868,Person_6868
6869,Person_6869
6870,Person_6870
6871,Person_6871
6872,Person_6872
6873,Person_6873
6874,Person_6874
6875,Person_6875
6876,Person_6876
6877,Person_6877
6878,Person_6878
6879,Person_6879
6880,Person_6880
6881,Person_6881
6882,Person_6882
6883,Person_6883
6884,Person_6884
6885,Person_6885
6886,Person_6886
6887,Person_6887
6888,Person_6888
6889,Person_6889
6890,Person_6890
6891,Person_6891
6892,Person_6892
6893,Person_6893
6894,Person_6894
6895,Person_6895
6896,Person_6896
6897,Person_6897
6898,Person_6898
6899,Person_6899
6900,Person_6900
6901,Person_6901
6902,Person_6902
6903,Person_6903
6904,Person_6904
6905,Person_6905
6906,Person_6906
6907,Person_6907
6908,Person_6908
6909,Person_6909
6910,Person_6910
6911,Person_6911
6912,Person_6912
6913,Person_6913
6914,Person_6914
6915,Person_6915
6916,Person_6916
6917,Person_6917
6918,Person_6918
6919,Person_6919
6920,Person_6920
6921,Person_6921
6922,Person_6922
6923,Person_6923
6924,Person_6924
6925,Person_6925
6926,Person_6926
6927,Person_6927
6928,Person_6928
6929,Person_6929
6930,Person_6930
6931,Person_6931
6932,Person_6932
6933,Person_6933
6934,Person_6934
6935,Person_6935
6936,Person_6936
6937,Person_6937
6938,Person_6938
6939,Person_6939
6940,Person_6940
6941,Person_6941
6942,Person_6942
6943,Person_6943
6944,Person_6944
6945,Person_6945
6946,Person_6946
6947,Person_6947
6948,Person_6948
6949,Person_6949
6950,Person_6950
6951,Person_6951
6952,Person_6952
6953,Person_6953
6954,Person_6954
6955,Person_6955
6956,Person_6956
6957,Person_6957
6958,Person_6958
6959,Person_6959
6960,Person_6960
6961,Person_6961
6962,Person_6962
6963,Person_6963
6964,Person_6964
6965,Person_6965
6966,Person_6966
6967,Person_6967
6968,Person_6968
6969,Person_6969
6970,Person_6970
6971,Person_6971
6972,Person_6972
6973,Person_6973
6974,Person_6974
6975,Person_6975
6976,Person_6976
6977,Person_6977
6978,Person_6978
6979,Person_6979
6980,Person_6980
6981,Person_6981
6982,Person_6982
6983,Person_6983
6984,Person_6984
6985,Person_6985
6986,Person_6986
6987,Person_6987
6988,Person_6988
6989,Person_6989
6990,Person_6990
6991,Person_6991
6992,Person_6992
6993,Person_6993
6994,Person_6994
6995,Person_6995
6996,Person_6996
6997,Person_6997
6998,Person_6998
6999,Person_6999
7000,Person_7000
7001,Person_7001
7002,Person_7002
7003,Person_7003
7004,Person_7004
7005,Person_7005
7006,Person_7006
7007,Person_7007
7008,Person_7008
7009,Person_7009
7010,Person_7010
7011,Person_7011
7012,Person_7012
7013,Person_7013
7014,Person_7014
7015,Person_7015
7016,Person_7016
7017,Person_7017
7018,Person_7018
7019,Person_7019
7020,Person_7020
7021,Person_7021
7022,Person_7022
7023,Person_7023
7024,Person_7024
7025,Person_7025
7026,Person_7026
7027,Person_7027
7028,Person_7028
7029,Person_7029
7030,Person_7030
7031,Person_7031
7032,Person_7032
7033,Person_7033
7034,Person_7034
7035,Person_7035
7036,Person_7036
7037,Person_7037
7038,Person_7038
7039,Person_7039
7040,Person_7040
7041,Person_7041
7042,Person_7042
7043,Person_7043
7044,Person_7044
7045,Person_7045
7046,Person_7046
7047,Person_7047
7048,Person_7048
7049,Person_7049
7050,Person_7050
7051,Person_7051
7052,Person_7052
7053,Person_7053
7054,Person_7054
7055,Person_7055
7056,Person_7056
7057,Person_7057
7058,Person_7058
7059,Person_7059
7060,Person_7060
7061,Person_7061
7062,Person_7062
7063,Person_7063
7064,Person_7064
7065,Person_7065
7066,Person_7066
7067,Person_7067
7068,Person_7068
7069,Person_7069
7070,Person_7070
7071,Person_7071
7072,Person_7072
7073,Person_7073
7074,Person_7074
7075,Person_7075
7076,Person_7076
7077,Person_7077
7078,Person_7078
7079,Person_7079
7080,Person_7080
7081,Person_7081
7082,Person_7082
7083,Person_7083
7084,Person_7084
7085,Person_7085
7086,Person_7086
7087,Person_7087
7088,Person_7088
7089,Person_7089
7090,Person_7090
7091,Person_7091
7092,Person_7092
7093,Person_7093
7094,Person_7094
7095,Person_7095
7096,Person_7096
7097,Person_7097
7098,Person_7098
7099,Person_7099
7100,Person_7100
7101,Person_7101
7102,Person_7102
7103,Person_7103
7104,Person_7104
7105,Person_7105
7106,Person_7106
7107,Person_7107
7108,Person_7108
7109,Person_7109
7110,Person_7110
7111,Person_7111
7112,Person_7112
7113,Person_7113
7114,Person_7114
7115,Person_7115
7116,Person_7116
7117,Person_7117
7118,Person_7118
7119,Person_7119
7120,Person_7120
7121,Person_7121
7122,Person_7122
7123,Person_7123
7124,Person_7124
7125,Person_7125
7126,Person_7126
7127,Person_7127
7128,Person_7128
7129,Person_7129
7130,Person_7130
7131,Person_7131
7132,Person_7132
7133,Person_7133
7134,Person_7134
7135,Person_7135
7136,Person_7136
7137,Person_7137
7138,Person_7138
7139,Person_7139
7140,Person_7140
7141,Person_7141
7142,Person_7142
7143,Person_7143
7144,Person_7144
7145,Person_7145
7146,Person_7146
7147,Person_7147
7148,Person_7148
7149,Person_7149
7150,Person_7150
7151,Person_7151
7152,Person_7152
7153,Person_7153
7154,Person_7154
7155,Person_7155
7156,Person_7156
7157,Person_7157
7158,Person_7158
7159,Person_7159
7160,Person_7160
7161,Person_7161
7162,Person_7162
7163,Person_7163
7164,Person_7164
7165,Person_7165
7166,Person_7166
7167,Person_7167
7168,Person_7168
7169,Person_7169
7170,Person_7170
7171,Person_7171
7172,Person_7172
7173,Person_7173
7174,Person_7174
7175,Person_7175
7176,Person_7176
7177,Person_7177
7178,Person_7178
7179,Person_7179
7180,Person_7180
7181,Person_7181
7182,Person_7182
7183,Person_7183
7184,Person_7184
7185,Person_7185
7186,Person_7186
7187,Person_7187
7188,Person_7188
7189,Person_7189
7190,Person_7190
7191,Person_7191
7192,Person_7192
7193,Person_7193
7194,Person_7194
7195,Person_7195
7196,Person_7196
7197,Person_7197
7198,Person_7198
7199,Person_7199
7200,Person_7200
7201,Person_7201
7202,Person_7202
7203,Person_7203
7204,Person_7204
7205,Person_7205
7206,Person_7206
7207,Person_7207
7208,Person_7208
7209,Person_7209
7210,Person_7210
7211,Person_7211
7212,Person_7212
7213,Person_7213
7214,Person_7214
7215,Person_7215
7216,Person_7216
7217,Person_7217
7218,Person_7218
7219,Person_7219
7220,Person_7220
7221,Person_7221
7222,Person_7222
7223,Person_7223
7224,Person_7224
7225,Person_7225
7226,Person_7226
7227,Person_7227
7228,Person_7228
7229,Person_7229
7230,Person_7230
7231,Person_7231
7232,Person_7232
7233,Person_7233
7234,Person_7234
7235,Person_7235
7236,Person_7236
7237,Person_7237
7238,Person_7238
7239,Person_7239
7240,Person_7240
7241,Person_7241
7242,Person_7242
7243,Person_7243
7244,Person_7244
7245,Person_7245
7246,Person_7246
7247,Person_7247
7248,Person_7248
7249,Person_7249
7250,Person_7250
7251,Person_7251
7252,Person_7252
7253,Person_7253
7254,Person_7254
7255,Person_7255
7256,Person_7256
7257,Person_7257
7258,Person_7258
7259,Person_7259
7260,Person_7260
7261,Person_7261
7262,Person_7262
7263,Person_7263
7264,Person_7264
7265,Person_7265
7266,Person_7266
7267,Person_7267
7268,Person_7268
7269,Person_7269
7270,Person_7270
7271,Person_7271
7272,Person_7272
7273,Person_7273
7274,Person_7274
7275,Person_7275
7276,Person_7276
7277,Person_7277
7278,Person_7278
7279,Person_7279
7280,Person_7280
7281,Person_7281
7282,Person_7282
7283,Person_7283
7284,Person_7284
7285,Person_7285
7286,Person_7286
7287,Person_7287
7288,Person_7288
7289,Person_7289
7290,Person_7290
7291,Person_7291
7292,Person_7292
7293,Person_7293
7294,Person_7294
7295,Person_7295
7296,Person_7296
7297,Person_7297
7298,Person_7298
7299,Person_7299
7300,Person_7300
7301,Person_7301
7302,Person_7302
7303,Person_7303
7304,Person_7304
7305,Person_7305
7306,Person_7306
7307,Person_7307
7308,Person_7308
7309,Person_7309
7310,Person_7310
7311,Person_7311
7312,Person_7312
7313,Person_7313
7314,Person_7314
7315,Person_7315
7316,Person_7316
7317,Person_7317
7318,Person_7318
7319,Person_7319
7320,Person_7320
7321,Person_7321
7322,Person_7322
7323,Person_7323
7324,Person_7324
7325,Person_7325
7326,Person_7326
7327,Person_7327
7328,Person_7328
7329,Person_7329
7330,Person_7330
7331,Person_7331
7332,Person_7332
7333,Person_7333
7334,Person_7334
7335,Person_7335
7336,Person_7336
7337,Person_7337
7338,Person_7338
7339,Person_7339
7340,Person_7340
7341,Person_7341
7342,Person_7342
7343,Person_7343
7344,Person_7344
7345,Person_7345
7346,Person_7346
7347,Person_7347
7348,Person_7348
7349,Person_7349
7350,Person_7350
7351,Person_7351
7352,Person_7352
7353,Person_7353
7354,Person_7354
7355,Person_7355
7356,Person_7356
7357,Person_7357
7358,Person_7358
7359,Person_7359
7360,Person_7360
7361,Person_7361
7362,Person_7362
7363,Person_7363
7364,Person_7364
7365,Person_7365
7366,Person_7366
7367,Person_7367
7368,Person_7368
7369,Person_7369
7370,Person_7370
7371,Person_7371
7372,Person_7372
7373,Person_7373
7374,Person_7374
7375,Person_7375
7376,Person_7376
7377,Person_7377
7378,Person_7378
7379,Person_7379
7380,Person_7380
7381,Person_7381
7382,Person_7382
7383,Person_7383
7384,Person_7384
7385,Person_7385
7386,Person_7386
7387,Person_7387
7388,Person_7388
7389,Person_7389
7390,Person_7390
7391,Person_7391
7392,Person_7392
7393,Person_7393
7394,Person_7394
7395,Person_7395
7396,Person_7396
7397,Person_7397
7398,Person_7398
7399,Person_7399
7400,Person_7400
7401,Person_7401
7402,Person_7402
7403,Person_7403
7404,Person_7404
7405,Person_7405
7406,Person_7406
7407,Person_7407
7408,Person_7408
7409,Person_7409
7410,Person_7410
7411,Person_7411
7412,Person_7412
7413,Person_7413
7414,Person_7414
7415,Person_7415
7416,Person_7416
7417,Person_7417
7418,Person_7418
7419,Person_7419
7420,Person_7420
7421,Person_7421
7422,Person_7422
7423,Person_7423
7424,Person_7424
7425,Person_7425
7426,Person_7426
7427,Person_7427
7428,Person_7428
7429,Person_7429
7430,Person_7430
7431,Person_7431
7432,Person_7432
7433,Person_7433
7434,Person_7434
7435,Person_7435
7436,Person_7436
7437,Person_7437
7438,Person_7438
7439,Person_7439
7440,Person_7440
7441,Person_7441
7442,Person_7442
7443,Person_7443
7444,Person_7444
7445,Person_7445
7446,Person_7446
7447,Person_7447
7448,Person_7448
7449,Person_7449
7450,Person_7450
7451,Person_7451
7452,Person_7452
7453,Person_7453
7454,Person_7454
7455,Person_7455
7456,Person_7456
7457,Person_7457
7458,Person_7458
7459,Person_7459
7460,Person_7460
7461,Person_7461
7462,Person_7462
7463,Person_7463
7464,Person_7464
7465,Person_7465
7466,Person_7466
7467,Person_7467
7468,Person_7468
7469,Person_7469
7470,Person_7470
7471,Person_7471
7472,Person_7472
7473,Person_7473
7474,Person_7474
7475,Person_7475
7476,Person_7476
7477,Person_7477
7478,Person_7478
7479,Person_7479
7480,Person_7480
7481,Person_7481
7482,Person_7482
7483,Person_7483
7484,Person_7484
7485,Person_7485
7486,Person_7486
7487,Person_7487
7488,Person_7488
7489,Person_7489
7490,Person_7490
7491,Person_7491
7492,Person_7492
7493,Person_7493
7494,Person_7494
7495,Person_7495
7496,Person_7496
7497,Person_7497
7498,Person_7498
7499,Person_7499
7500,Person_7500
7501,Person_7501
7502,Person_7502
7503,Person_7503
7504,Person_7504
7505,Person_7505
7506,Person_7506
7507,Person_7507
7508,Person_7508
7509,Person_7509
7510,Person_7510
7511,Person_7511
7512,Person_7512
7513,Person_7513
7514,Person_7514
7515,Person_7515
7516,Person_7516
7517,Person_7517
7518,Person_7518
7519,Person_7519
7520,Person_7520
7521,Person_7521
7522,Person_7522
7523,Person_7523
7524,Person_7524
7525,Person_7525
7526,Person_7526
7527,Person_7527
7528,Person_7528
7529,Person_7529
7530,Person_7530
7531,Person_7531
7532,Person_7532
7533,Person_7533
7534,Person_7534
7535,Person_7535
7536,Person_7536
7537,Person_7537
7538,Person_7538
7539,Person_7539
7540,Person_7540
7541,Person_7541
7542,Person_7542
7543,Person_7543
7544,Person_7544
7545,Person_7545
7546,Person_7546
7547,Person_7547
7548,Person_7548
7549,Person_7549
7550,Person_7550
7551,Person_7551
7552,Person_7552
7553,Person_7553
7554,Person_7554
7555,Person_7555
7556,Person_7556
7557,Person_7557
7558,Person_7558
7559,Person_7559
7560,Person_7560
7561,Person_7561
7562,Person_7562
7563,Person_7563
7564,Person_7564
7565,Person_7565
7566,Person_7566
7567,Person_7567
7568,Person_7568
7569,Person_7569
7570,Person_7570
7571,Person_7571
7572,Person_7572
7573,Person_7573
7574,Person_7574
7575,Person_7575
7576,Person_7576
7577,Person_7577
7578,Person_7578
7579,Person_7579
7580,Person_7580
7581,Person_7581
7582,Person_7582
7583,Person_7583
7584,Person_7584
7585,Person_7585
7586,Person_7586
7587,Person_7587
7588,Person_7588
7589,Person_7589
7590,Person_7590
7591,Person_7591
7592,Person_7592
7593,Person_7593
7594,Person_7594
7595,Person_7595
7596,Person_7596
7597,Person_7597
7598,Person_7598
7599,Person_7599
7600,Person_7600
7601,Person_7601
7602,Person_7602
7603,Person_7603
7604,Person_7604
7605,Person_7605
7606,Person_7606
7607,Person_7607
7608,Person_7608
7609,Person_7609
7610,Person_7610
7611,Person_7611
7612,Person_7612
7613,Person_7613
7614,Person_7614
7615,Person_7615
7616,Person_7616
7617,Person_7617
7618,Person_7618
7619,Person_7619
7620,Person_7620
7621,Person_7621
7622,Person_7622
7623,Person_7623
7624,Person_7624
7625,Person_7625
7626,Person_7626
7627,Person_7627
7628,Person_7628
7629,Person_7629
7630,Person_7630
7631,Person_7631
7632,Person_7632
7633,Person_7633
7634,Person_7634
7635,Person_7635
7636,Person_7636
7637,Person_7637
7638,Person_7638
7639,Person_7639
7640,Person_7640
7641,Person_7641
7642,Person_7642
7643,Person_7643
7644,Person_7644
7645,Person_7645
7646,Person_7646
7647,Person_7647
7648,Person_7648
7649,Person_7649
7650,Person_7650
7651,Person_7651
7652,Person_7652
7653,Person_7653
7654,Person_7654
7655,Person_7655
7656,Person_7656
7657,Person_7657
7658,Person_7658
7659,Person_7659
7660,Person_7660
7661,Person_7661
7662,Person_7662
7663,Person_7663
7664,Person_7664
7665,Person_7665
7666,Person_7666
7667,Person_7667
7668,Person_7668
7669,Person_7669
7670,Person_7670
7671,Person_7671
7672,Person_7672
7673,Person_7673
7674,Person_7674
7675,Person_7675
7676,Person_7676
7677,Person_7677
7678,Person_7678
7679,Person_7679
7680,Person_7680
7681,Person_7681
7682,Person_7682
7683,Person_7683
7684,Person_7684
7685,Person_7685
7686,Person_7686
7687,Person_7687
7688,Person_7688
7689,Person_7689
7690,Person_7690
7691,Person_7691
7692,Person_7692
7693,Person_7693
7694,Person_7694
7695,Person_7695
7696,Person_7696
7697,Person_7697
7698,Person_7698
7699,Person_7699
7700,Person_7700
7701,Person_7701
7702,Person_7702
7703,Person_7703
7704,Person_7704
7705,Person_7705
7706,Person_7706
7707,Person_7707
7708,Person_7708
7709,Person_7709
7710,Person_7710
7711,Person_7711
7712,Person_7712
7713,Person_7713
7714,Person_7714
7715,Person_7715
7716,Person_7716
7717,Person_7717
7718,Person_7718
7719,Person_7719
7720,Person_7720
7721,Person_7721
7722,Person_7722
7723,Person_7723
7724,Person_7724
7725,Person_7725
7726,Person_7726
7727,Person_7727
7728,Person_7728
7729,Person_7729
7730,Person_7730
7731,Person_7731
7732,Person_7732
7733,Person_7733
7734,Person_7734
7735,Person_7735
7736,Person_7736
7737,Person_7737
7738,Person_7738
7739,Person_7739
7740,Person_7740
7741,Person_7741
7742,Person_7742
7743,Person_7743
7744,Person_7744
7745,Person_7745
7746,Person_7746
7747,Person_7747
7748,Person_7748
7749,Person_7749
7750,Person_7750
7751,Person_7751
7752,Person_7752
7753,Person_7753
7754,Person_7754
7755,Person_7755
7756,Person_7756
7757,Person_7757
7758,Person_7758
7759,Person_7759
7760,Person_7760
7761,Person_7761
7762,Person_7762
7763,Person_7763
7764,Person_7764
7765,Person_7765
7766,Person_7766
7767,Person_7767
7768,Person_7768
7769,Person_7769
7770,Person_7770
7771,Person_7771
7772,Person_7772
7773,Person_7773
7774,Person_7774
7775,Person_7775
7776,Person_7776
7777,Person_7777
7778,Person_7778
7779,Person_7779
7780,Person_7780
7781,Person_7781
7782,Person_7782
7783,Person_7783
7784,Person_7784
7785,Person_7785
7786,Person_7786
7787,Person_7787
7788,Person_7788
7789,Person_7789
7790,Person_7790
7791,Person_7791
7792,Person_7792
7793,Person_7793
7794,Person_7794
7795,Person_7795
7796,Person_7796
7797,Person_7797
7798,Person_7798
7799,Person_7799
7800,Person_7800
7801,Person_7801
7802,Person_7802
7803,Person_7803
7804,Person_7804
7805,Person_7805
7806,Person_7806
7807,Person_7807
7808,Person_7808
7809,Person_7809
7810,Person_7810
7811,Person_7811
7812,Person_7812
7813,Person_7813
7814,Person_7814
7815,Person_7815
7816,Person_7816
7817,Person_7817
7818,Person_7818
7819,Person_7819
7820,Person_7820
7821,Person_7821
7822,Person_7822
7823,Person_7823
7824,Person_7824
7825,Person_7825
7826,Person_7826
7827,Person_7827
7828,Person_7828
7829,Person_7829
7830,Person_7830
7831,Person_7831
7832,Person_7832
7833,Person_7833
7834,Person_7834
7835,Person_7835
7836,Person_7836
7837,Person_7837
7838,Person_7838
7839,Person_7839
7840,Person_7840
7841,Person_7841
7842,Person_7842
7843,Person_7843
7844,Person_7844
7845,Person_7845
7846,Person_7846
7847,Person_7847
7848,Person_7848
7849,Person_7849
7850,Person_7850
7851,Person_7851
7852,Person_7852
7853,Person_7853
7854,Person_7854
7855,Person_7855
7856,Person_7856
7857,Person_7857
7858,Person_7858
7859,Person_7859
7860,Person_7860
7861,Person_7861
7862,Person_7862
7863,Person_7863
7864,Person_7864
7865,Person_7865
7866,Person_7866
7867,Person_7867
7868,Person_7868
7869,Person_7869
7870,Person_7870
7871,Person_7871
7872,Person_7872
7873,Person_7873
7874,Person_7874
7875,Person_7875
7876,Person_7876
7877,Person_7877
7878,Person_7878
7879,Person_7879
7880,Person_7880
7881,Person_7881
7882,Person_7882
7883,Person_7883
7884,Person_7884
7885,Person_7885
7886,Person_7886
7887,Person_7887
7888,Person_7888
7889,Person_7889
7890,Person_7890
7891,Person_7891
7892,Person_7892
7893,Person_7893
7894,Person_7894
7895,Person_7895
7896,Person_7896
7897,Person_7897
7898,Person_7898
7899,Person_7899
7900,Person_7900
7901,Person_7901
7902,Person_7902
7903,Person_7903
7904,Person_7904
7905,Person_7905
7906,Person_7906
7907,Person_7907
7908,Person_7908
7909,Person_7909
7910,Person_7910
7911,Person_7911
7912,Person_7912
7913,Person_7913
7914,Person_7914
7915,Person_7915
7916,Person_7916
7917,Person_7917
7918,Person_7918
7919,Person_7919
7920,Person_7920
7921,Person_7921
7922,Person_7922
7923,Person_7923
7924,Person_7924
7925,Person_7925
7926,Person_7926
7927,Person_7927
7928,Person_7928
7929,Person_7929
7930,Person_7930
7931,Person_7931
7932,Person_7932
7933,Person_7933
7934,Person_7934
7935,Person_7935
7936,Person_7936
7937,Person_7937
7938,Person_7938
7939,Person_7939
7940,Person_7940
7941,Person_7941
7942,Person_7942
7943,Person_7943
7944,Person_7944
7945,Person_7945
7946,Person_7946
7947,Person_7947
7948,Person_7948
7949,Person_7949
7950,Person_7950
7951,Person_7951
7952,Person_7952
7953,Person_7953
7954,Person_7954
7955,Person_7955
7956,Person_7956
7957,Person_7957
7958,Person_7958
7959,Person_7959
7960,Person_7960
7961,Person_7961
7962,Person_7962
7963,Person_7963
7964,Person_7964
7965,Person_7965
7966,Person_7966
7967,Person_7967
7968,Person_7968
7969,Person_7969
7970,Person_7970
7971,Person_7971
7972,Person_7972
7973,Person_7973
7974,Person_7974
7975,Person_7975
7976,Person_7976
7977,Person_7977
7978,Person_7978
7979,Person_7979
7980,Person_7980
7981,Person_7981
7982,Person_7982
7983,Person_7983
7984,Person_7984
7985,Person_7985
7986,Person_7986
7987,Person_7987
7988,Person_7988
7989,Person_7989
7990,Person_7990
7991,Person_7991
7992,Person_7992
7993,Person_7993
7994,Person_7994
7995,Person_7995
7996,Person_7996
7997,Person_7997
7998,Person_7998
7999,Person_7999
8000,Person_8000
8001,Person_8001
8002,Person_8002
8003,Person_8003
8004,Person_8004
8005,Person_8005
8006,Person_8006
8007,Person_8007
8008,Person_8008
8009,Person_8009
8010,Person_8010
8011,Person_8011
8012,Person_8012
8013,Person_8013
8014,Person_8014
8015,Person_8015
8016,Person_8016
8017,Person_8017
8018,Person_8018
8019,Person_8019
8020,Person_8020
8021,Person_8021
8022,Person_8022
8023,Person_8023
8024,Person_8024
8025,Person_8025
8026,Person_8026
8027,Person_8027
8028,Person_8028
8029,Person_8029
8030,Person_8030
8031,Person_8031
8032,Person_8032
8033,Person_8033
8034,Person_8034
8035,Person_8035
8036,Person_8036
8037,Person_8037
8038,Person_8038
8039,Person_8039
8040,Person_8040
8041,Person_8041
8042,Person_8042
8043,Person_8043
8044,Person_8044
8045,Person_8045
8046,Person_8046
8047,Person_8047
8048,Person_8048
8049,Person_8049
8050,Person_8050
8051,Person_8051
8052,Person_8052
8053,Person_8053
8054,Person_8054
8055,Person_8055
8056,Person_8056
8057,Person_8057
8058,Person_8058
8059,Person_8059
8060,Person_8060
8061,Person_8061
8062,Person_8062
8063,Person_8063
8064,Person_8064
8065,Person_8065
8066,Person_8066
8067,Person_8067
8068,Person_8068
8069,Person_8069
8070,Person_8070
8071,Person_8071
8072,Person_8072
8073,Person_8073
8074,Person_8074
8075,Person_8075
8076,Person_8076
8077,Person_8077
8078,Person_8078
8079,Person_8079
8080,Person_8080
8081,Person_8081
8082,Person_8082
8083,Person_8083
8084,Person_8084
8085,Person_8085
8086,Person_8086
8087,Person_8087
8088,Person_8088
8089,Person_8089
8090,Person_8090
8091,Person_8091
8092,Person_8092
8093,Person_8093
8094,Person_8094
8095,Person_8095
8096,Person_8096
8097,Person_8097
8098,Person_8098
8099,Person_8099
8100,Person_8100
8101,Person_8101
8102,Person_8102
8103,Person_8103
8104,Person_8104
8105,Person_8105
8106,Person_8106
8107,Person_8107
8108,Person_8108
8109,Person_8109
8110,Person_8110
8111,Person_8111
8112,Person_8112
8113,Person_8113
8114,Person_8114
8115,Person_8115
8116,Person_8116
8117,Person_8117
8118,Person_8118
8119,Person_8119
8120,Person_8120
8121,Person_8121
8122,Person_8122
8123,Person_8123
8124,Person_8124
8125,Person_8125
8126,Person_8126
8127,Person_8127
8128,Person_8128
8129,Person_8129
8130,Person_8130
8131,Person_8131
8132,Person_8132
8133,Person_8133
8134,Person_8134
8135,Person_8135
8136,Person_8136
8137,Person_8137
8138,Person_8138
8139,Person_8139
8140,Person_8140
8141,Person_8141
8142,Person_8142
8143,Person_8143
8144,Person_8144
8145,Person_8145
8146,Person_8146
8147,Person_8147
8148,Person_8148
8149,Person_8149
8150,Person_8150
8151,Person_8151
8152,Person_8152
8153,Person_8153
8154,Person_8154
8155,Person_8155
8156,Person_8156
8157,Person_8157
8158,Person_8158
8159,Person_8159
8160,Person_8160
8161,Person_8161
8162,Person_8162
8163,Person_8163
8164,Person_8164
8165,Person_8165
8166,Person_8166
8167,Person_8167
8168,Person_8168
8169,Person_8169
8170,Person_8170
8171,Person_8171
8172,Person_8172
8173,Person_8173
8174,Person_8174
8175,Person_8175
8176,Person_8176
8177,Person_8177
8178,Person_8178
8179,Person_8179
8180,Person_8180
8181,Person_8181
8182,Person_8182
8183,Person_8183
8184,Person_8184
8185,Person_8185
8186,Person_8186
8187,Person_8187
8188,Person_8188
8189,Person_8189
8190,Person_8190
8191,Person_8191
8192,Person_8192
8193,Person_8193
8194,Person_8194
8195,Person_8195
8196,Person_8196
8197,Person_8197
8198,Person_8198
8199,Person_8199
8200,Person_8200
8201,Person_8201
8202,Person_8202
8203,Person_8203
8204,Person_8204
8205,Person_8205
8206,Person_8206
8207,Person_8207
8208,Person_8208
8209,Person_8209
8210,Person_8210
8211,Person_8211
8212,Person_8212
8213,Person_8213
8214,Person_8214
8215,Person_8215
8216,Person_8216
8217,Person_8217
8218,Person_8218
8219,Person_8219
8220,Person_8220
8221,Person_8221
8222,Person_8222
8223,Person_8223
8224,Person_8224
8225,Person_8225
8226,Person_8226
8227,Person_8227
8228,Person_8228
8229,Person_8229
8230,Person_8230
8231,Person_8231
8232,Person_8232
8233,Person_8233
8234,Person_8234
8235,Person_8235
8236,Person_8236
8237,Person_8237
8238,Person_8238
8239,Person_8239
8240,Person_8240
8241,Person_8241
8242,Person_8242
8243,Person_8243
8244,Person_8244
8245,Person_8245
8246,Person_8246
8247,Person_8247
8248,Person_8248
8249,Person_8249
8250,Person_8250
8251,Person_8251
8252,Person_8252
8253,Person_8253
8254,Person_8254
8255,Person_8255
8256,Person_8256
8257,Person_8257
8258,Person_8258
8259,Person_8259
8260,Person_8260
8261,Person_8261
8262,Person_8262
8263,Person_8263
8264,Person_8264
8265,Person_8265
8266,Person_8266
8267,Person_8267
8268,Person_8268
8269,Person_8269
8270,Person_8270
8271,Person_8271
8272,Person_8272
8273,Person_8273
8274,Person_8274
8275,Person_8275
8276,Person_8276
8277,Person_8277
8278,Person_8278
8279,Person_8279
8280,Person_8280
8281,Person_8281
8282,Person_8282
8283,Person_8283
8284,Person_8284
8285,Person_8285
8286,Person_8286
8287,Person_8287
8288,Person_8288
8289,Person_8289
8290,Person_8290
8291,Person_8291
8292,Person_8292
8293,Person_8293
8294,Person_8294
8295,Person_8295
8296,Person_8296
8297,Person_8297
8298,Person_8298
8299,Person_8299
8300,Person_8300
8301,Person_8301
8302,Person_8302
8303,Person_8303
8304,Person_8304
8305,Person_8305
8306,Person_8306
8307,Person_8307
8308,Person_8308
8309,Person_8309
8310,Person_8310
8311,Person_8311
8312,Person_8312
8313,Person_8313
8314,Person_8314
8315,Person_8315
8316,Person_8316
8317,Person_8317
8318,Person_8318
8319,Person_8319
8320,Person_8320
8321,Person_8321
8322,Person_8322
8323,Person_8323
8324,Person_8324
8325,Person_8325
8326,Person_8326
8327,Person_8327
8328,Person_8328
8329,Person_8329
8330,Person_8330
8331,Person_8331
8332,Person_8332
8333,Person_8333
8334,Person_8334
8335,Person_8335
8336,Person_8336
8337,Person_8337
8338,Person_8338
8339,Person_8339
8340,Person_8340
8341,Person_8341
8342,Person_8342
8343,Person_8343
8344,Person_8344
8345,Person_8345
8346,Person_8346
8347,Person_8347
8348,Person_8348
8349,Person_8349
8350,Person_8350
8351,Person_8351
8352,Person_8352
8353,Person_8353
8354,Person_8354
8355,Person_8355
8356,Person_8356
8357,Person_8357
8358,Person_8358
8359,Person_8359
8360,Person_8360
8361,Person_8361
8362,Person_8362
8363,Person_8363
8364,Person_8364
8365,Person_8365
8366,Person_8366
8367,Person_8367
8368,Person_8368
8369,Person_8369
8370,Person_8370
8371,Person_8371
8372,Person_8372
8373,Person_8373
8374,Person_8374
8375,Person_8375
8376,Person_8376
8377,Person_8377
8378,Person_8378
8379,Person_8379
8380,Person_8380
8381,Person_8381
8382,Person_8382
8383,Person_8383
8384,Person_8384
8385,Person_8385
8386,Person_8386
8387,Person_8387
8388,Person_8388
8389,Person_8389
8390,Person_8390
8391,Person_8391
8392,Person_8392
8393,Person_8393
8394,Person_8394
8395,Person_8395
8396,Person_8396
8397,Person_8397
8398,Person_8398
8399,Person_8399
8400,Person_8400
8401,Person_8401
8402,Person_8402
8403,Person_8403
8404,Person_8404
8405,Person_8405
8406,Person_8406
8407,Person_8407
8408,Person_8408
8409,Person_8409
8410,Person_8410
8411,Person_8411
8412,Person_8412
8413,Person_8413
8414,Person_8414
8415,Person_8415
8416,Person_8416
8417,Person_8417
8418,Person_8418
8419,Person_8419
8420,Person_8420
8421,Person_8421
8422,Person_8422
8423,Person_8423
8424,Person_8424
8425,Person_8425
8426,Person_8426
8427,Person_8427
8428,Person_8428
8429,Person_8429
8430,Person_8430
8431,Person_8431
8432,Person_8432
8433,Person_8433
8434,Person_8434
8435,Person_8435
8436,Person_8436
8437,Person_8437
8438,Person_8438
8439,Person_8439
8440,Person_8440
8441,Person_8441
8442,Person_8442
8443,Person_8443
8444,Person_8444
8445,Person_8445
8446,Person_8446
8447,Person_8447
8448,Person_8448
8449,Person_8449
8450,Person_8450
8451,Person_8451
8452,Person_8452
8453,Person_8453
8454,Person_8454
8455,Person_8455
8456,Person_8456
8457,Person_8457
8458,Person_8458
8459,Person_8459
8460,Person_8460
8461,Person_8461
8462,Person_8462
8463,Person_8463
8464,Person_8464
8465,Person_8465
8466,Person_8466
8467,Person_8467
8468,Person_8468
8469,Person_8469
8470,Person_8470
8471,Person_8471
8472,Person_8472
8473,Person_8473
8474,Person_8474
8475,Person_8475
8476,Person_8476
8477,Person_8477
8478,Person_8478
8479,Person_8479
8480,Person_8480
8481,Person_8481
8482,Person_8482
8483,Person_8483
8484,Person_8484
8485,Person_8485
8486,Person_8486
8487,Person_8487
8488,Person_8488
8489,Person_8489
8490,Person_8490
8491,Person_8491
8492,Person_8492
8493,Person_8493
8494,Person_8494
8495,Person_8495
8496,Person_8496
8497,Person_8497
8498,Person_8498
8499,Person_8499
8500,Person_8500
8501,Person_8501
8502,Person_8502
8503,Person_8503
8504,Person_8504
8505,Person_8505
8506,Person_8506
8507,Person_8507
8508,Person_8508
8509,Person_8509
8510,Person_8510
8511,Person_8511
8512,Person_8512
8513,Person_8513
8514,Person_8514
8515,Person_8515
8516,Person_8516
8517,Person_8517
8518,Person_8518
8519,Person_8519
8520,Person_8520
8521,Person_8521
8522,Person_8522
8523,Person_8523
8524,Person_8524
8525,Person_8525
8526,Person_8526
8527,Person_8527
8528,Person_8528
8529,Person_8529
8530,Person_8530
8531,Person_8531
8532,Person_8532
8533,Person_8533
8534,Person_8534
8535,Person_8535
8536,Person_8536
8537,Person_8537
8538,Person_8538
8539,Person_8539
8540,Person_8540
8541,Person_8541
8542,Person_8542
8543,Person_8543
8544,Person_8544
8545,Person_8545
8546,Person_8546
8547,Person_8547
8548,Person_8548
8549,Person_8549
8550,Person_8550
8551,Person_8551
8552,Person_8552
8553,Person_8553
8554,Person_8554
8555,Person_8555
8556,Person_8556
8557,Person_8557
8558,Person_8558
8559,Person_8559
8560,Person_8560
8561,Person_8561
8562,Person_8562
8563,Person_8563
8564,Person_8564
8565,Person_8565
8566,Person_8566
8567,Person_8567
8568,Person_8568
8569,Person_8569
8570,Person_8570
8571,Person_8571
8572,Person_8572
8573,Person_8573
8574,Person_8574
8575,Person_8575
8576,Person_8576
8577,Person_8577
8578,Person_8578
8579,Person_8579
8580,Person_8580
8581,Person_8581
8582,Person_8582
8583,Person_8583
8584,Person_8584
8585,Person_8585
8586,Person_8586
8587,Person_8587
8588,Person_8588
8589,Person_8589
8590,Person_8590
8591,Person_8591
8592,Person_8592
8593,Person_8593
8594,Person_8594
8595,Person_8595
8596,Person_8596
8597,Person_8597
8598,Person_8598
8599,Person_8599
8600,Person_8600
8601,Person_8601
8602,Person_8602
8603,Person_8603
8604,Person_8604
8605,Person_8605
8606,Person_8606
8607,Person_8607
8608,Person_8608
8609,Person_8609
8610,Person_8610
8611,Person_8611
8612,Person_8612
8613,Person_8613
8614,Person_8614
8615,Person_8615
8616,Person_8616
8617,Person_8617
8618,Person_8618
8619,Person_8619
8620,Person_8620
8621,Person_8621
8622,Person_8622
8623,Person_8623
8624,Person_8624
8625,Person_8625
8626,Person_8626
8627,Person_8627
8628,Person_8628
8629,Person_8629
8630,Person_8630
8631,Person_8631
8632,Person_8632
8633,Person_8633
8634,Person_8634
8635,Person_8635
8636,Person_8636
8637,Person_8637
8638,Person_8638
8639,Person_8639
8640,Person_8640
8641,Person_8641
8642,Person_8642
8643,Person_8643
8644,Person_8644
8645,Person_8645
8646,Person_8646
8647,Person_8647
8648,Person_8648
8649,Person_8649
8650,Person_8650
8651,Person_8651
8652,Person_8652
8653,Person_8653
8654,Person_8654
8655,Person_8655
8656,Person_8656
8657,Person_8657
8658,Person_8658
8659,Person_8659
8660,Person_8660
8661,Person_8661
8662,Person_8662
8663,Person_8663
8664,Person_8664
8665,Person_8665
8666,Person_8666
8667,Person_8667
8668,Person_8668
8669,Person_8669
8670,Person_8670
8671,Person_8671
8672,Person_8672
8673,Person_8673
8674,Person_8674
8675,Person_8675
8676,Person_8676
8677,Person_8677
8678,Person_8678
8679,Person_8679
8680,Person_8680
8681,Person_8681
8682,Person_8682
8683,Person_8683
8684,Person_8684
8685,Person_8685
8686,Person_8686
8687,Person_8687
8688,Person_8688
8689,Person_8689
8690,Person_8690
8691,Person_8691
8692,Person_8692
8693,Person_8693
8694,Person_8694
8695,Person_8695
8696,Person_8696
8697,Person_8697
8698,Person_8698
8699,Person_8699
8700,Person_8700
8701,Person_8701
8702,Person_8702
8703,Person_8703
8704,Person_8704
8705,Person_8705
8706,Person_8706
8707,Person_8707
8708,Person_8708
8709,Person_8709
8710,Person_8710
8711,Person_8711
8712,Person_8712
8713,Person_8713
8714,Person_8714
8715,Person_8715
8716,Person_8716
8717,Person_8717
8718,Person_8718
8719,Person_8719
8720,Person_8720
8721,Person_8721
8722,Person_8722
8723,Person_8723
8724,Person_8724
8725,Person_8725
8726,Person_8726
8727,Person_8727
8728,Person_8728
8729,Person_8729
8730,Person_8730
8731,Person_8731
8732,Person_8732
8733,Person_8733
8734,Person_8734
8735,Person_8735
8736,Person_8736
8737,Person_8737
8738,Person_8738
8739,Person_8739
8740,Person_8740
8741,Person_8741
8742,Person_8742
8743,Person_8743
8744,Person_8744
8745,Person_8745
8746,Person_8746
8747,Person_8747
8748,Person_8748
8749,Person_8749
8750,Person_8750
8751,Person_8751
8752,Person_8752
8753,Person_8753
8754,Person_8754
8755,Person_8755
8756,Person_8756
8757,Person_8757
8758,Person_8758
8759,Person_8759
8760,Person_8760
8761,Person_8761
8762,Person_8762
8763,Person_8763
8764,Person_8764
8765,Person_8765
8766,Person_8766
8767,Person_8767
8768,Person_8768
8769,Person_8769
8770,Person_8770
8771,Person_8771
8772,Person_8772
8773,Person_8773
8774,Person_8774
8775,Person_8775
8776,Person_8776
8777,Person_8777
8778,Person_8778
8779,Person_8779
8780,Person_8780
8781,Person_8781
8782,Person_8782
8783,Person_8783
8784,Person_8784
8785,Person_8785
8786,Person_8786
8787,Person_8787
8788,Person_8788
8789,Person_8789
8790,Person_8790
8791,Person_8791
8792,Person_8792
8793,Person_8793
8794,Person_8794
8795,Person_8795
8796,Person_8796
8797,Person_8797
8798,Person_8798
8799,Person_8799
8800,Person_8800
8801,Person_8801
8802,Person_8802
8803,Person_8803
8804,Person_8804
8805,Person_8805
8806,Person_8806
8807,Person_8807
8808,Person_8808
8809,Person_8809
8810,Person_8810
8811,Person_8811
8812,Person_8812
8813,Person_8813
8814,Person_8814
8815,Person_8815
8816,Person_8816
8817,Person_8817
8818,Person_8818
8819,Person_8819
8820,Person_8820
8821,Person_8821
8822,Person_8822
8823,Person_8823
8824,Person_8824
8825,Person_8825
8826,Person_8826
8827,Person_8827
8828,Person_8828
8829,Person_8829
8830,Person_8830
8831,Person_8831
8832,Person_8832
8833,Person_8833
8834,Person_8834
8835,Person_8835
8836,Person_8836
8837,Person_8837
8838,Person_8838
8839,Person_8839
8840,Person_8840
8841,Person_8841
8842,Person_8842
8843,Person_8843
8844,Person_8844
8845,Person_8845
8846,Person_8846
8847,Person_8847
8848,Person_8848
8849,Person_8849
8850,Person_8850
8851,Person_8851
8852,Person_8852
8853,Person_8853
8854,Person_8854
8855,Person_8855
8856,Person_8856
8857,Person_8857
8858,Person_8858
8859,Person_8859
8860,Person_8860
8861,Person_8861
8862,Person_8862
8863,Person_8863
8864,Person_8864
8865,Person_8865
8866,Person_8866
8867,Person_8867
8868,Person_8868
8869,Person_8869
8870,Person_8870
8871,Person_8871
8872,Person_8872
8873,Person_8873
8874,Person_8874
8875,Person_8875
8876,Person_8876
8877,Person_8877
8878,Person_8878
8879,Person_8879
8880,Person_8880
8881,Person_8881
8882,Person_8882
8883,Person_8883
8884,Person_8884
8885,Person_8885
8886,Person_8886
8887,Person_8887
8888,Person_8888
8889,Person_8889
8890,Person_8890
8891,Person_8891
8892,Person_8892
8893,Person_8893
8894,Person_8894
8895,Person_8895
8896,Person_8896
8897,Person_8897
8898,Person_8898
8899,Person_8899
8900,Person_8900
8901,Person_8901
8902,Person_8902
8903,Person_8903
8904,Person_8904
8905,Person_8905
8906,Person_8906
8907,Person_8907
8908,Person_8908
8909,Person_8909
8910,Person_8910
8911,Person_8911
8912,Person_8912
8913,Person_8913
8914,Person_8914
8915,Person_8915
8916,Person_8916
8917,Person_8917
8918,Person_8918
8919,Person_8919
8920,Person_8920
8921,Person_8921
8922,Person_8922
8923,Person_8923
8924,Person_8924
8925,Person_8925
8926,Person_8926
8927,Person_8927
8928,Person_8928
8929,Person_8929
8930,Person_8930
8931,Person_8931
8932,Person_8932
8933,Person_8933
8934,Person_8934
8935,Person_8935
8936,Person_8936
8937,Person_8937
8938,Person_8938
8939,Person_8939
8940,Person_8940
8941,Person_8941
8942,Person_8942
8943,Person_8943
8944,Person_8944
8945,Person_8945
8946,Person_8946
8947,Person_8947
8948,Person_8948
8949,Person_8949
8950,Person_8950
8951,Person_8951
8952,Person_8952
8953,Person_8953
8954,Person_8954
8955,Person_8955
8956,Person_8956
8957,Person_8957
8958,Person_8958
8959,Person_8959
8960,Person_8960
8961,Person_8961
8962,Person_8962
8963,Person_8963
8964,Person_8964
8965,Person_8965
8966,Person_8966
8967,Person_8967
8968,Person_8968
8969,Person_8969
8970,Person_8970
8971,Person_8971
8972,Person_8972
8973,Person_8973
8974,Person_8974
8975,Person_8975
8976,Person_8976
8977,Person_8977
8978,Person_8978
8979,Person_8979
8980,Person_8980
8981,Person_8981
8982,Person_8982
8983,Person_8983
8984,Person_8984
8985,Person_8985
8986,Person_8986
8987,Person_8987
8988,Person_8988
8989,Person_8989
8990,Person_8990
8991,Person_8991
8992,Person_8992
8993,Person_8993
8994,Person_8994
8995,Person_8995
8996,Person_8996
8997,Person_8997
8998,Person_8998
8999,Person_8999
9000,Person_9000
9001,Person_9001
9002,Person_9002
9003,Person_9003
9004,Person_9004
9005,Person_9005
9006,Person_9006
9007,Person_9007
9008,Person_9008
9009,Person_9009
9010,Person_9010
9011,Person_9011
9012,Person_9012
9013,Person_9013
9014,Person_9014
9015,Person_9015
9016,Person_9016
9017,Person_9017
9018,Person_9018
9019,Person_9019
9020,Person_9020
9021,Person_9021
9022,Person_9022
9023,Person_9023
9024,Person_9024
9025,Person_9025
9026,Person_9026
9027,Person_9027
9028,Person_9028
9029,Person_9029
9030,Person_9030
9031,Person_9031
9032,Person_9032
9033,Person_9033
9034,Person_9034
9035,Person_9035
9036,Person_9036
9037,Person_9037
9038,Person_9038
9039,Person_9039
9040,Person_9040
9041,Person_9041
9042,Person_9042
9043,Person_9043
9044,Person_9044
9045,Person_9045
9046,Person_9046
9047,Person_9047
9048,Person_9048
9049,Person_9049
9050,Person_9050
9051,Person_9051
9052,Person_9052
9053,Person_9053
9054,Person_9054
9055,Person_9055
9056,Person_9056
9057,Person_9057
9058,Person_9058
9059,Person_9059
9060,Person_9060
9061,Person_9061
9062,Person_9062
9063,Person_9063
9064,Person_9064
9065,Person_9065
9066,Person_9066
9067,Person_9067
9068,Person_9068
9069,Person_9069
9070,Person_9070
9071,Person_9071
9072,Person_9072
9073,Person_9073
9074,Person_9074
9075,Person_9075
9076,Person_9076
9077,Person_9077
9078,Person_9078
9079,Person_9079
9080,Person_9080
9081,Person_9081
9082,Person_9082
9083,Person_9083
9084,Person_9084
9085,Person_9085
9086,Person_9086
9087,Person_9087
9088,Person_9088
9089,Person_9089
9090,Person_9090
9091,Person_9091
9092,Person_9092
9093,Person_9093
9094,Person_9094
9095,Person_9095
9096,Person_9096
9097,Person_9097
9098,Person_9098
9099,Person_9099
9100,Person_9100
9101,Person_9101
9102,Person_9102
9103,Person_9103
9104,Person_9104
9105,Person_9105
9106,Person_9106
9107,Person_9107
9108,Person_9108
9109,Person_9109
9110,Person_9110
9111,Person_9111
9112,Person_9112
9113,Person_9113
9114,Person_9114
9115,Person_9115
9116,Person_9116
9117,Person_9117
9118,Person_9118
9119,Person_9119
9120,Person_9120
9121,Person_9121
9122,Person_9122
9123,Person_9123
9124,Person_9124
9125,Person_9125
9126,Person_9126
9127,Person_9127
9128,Person_9128
9129,Person_9129
9130,Person_9130
9131,Person_9131
9132,Person_9132
9133,Person_9133
9134,Person_9134
9135,Person_9135
9136,Person_9136
9137,Person_9137
9138,Person_9138
9139,Person_9139
9140,Person_9140
9141,Person_9141
9142,Person_9142
9143,Person_9143
9144,Person_9144
9145,Person_9145
9146,Person_9146
9147,Person_9147
9148,Person_9148
9149,Person_9149
9150,Person_9150
9151,Person_9151
9152,Person_9152
9153,Person_9153
9154,Person_9154
9155,Person_9155
9156,Person_9156
9157,Person_9157
9158,Person_9158
9159,Person_9159
9160,Person_9160
9161,Person_9161
9162,Person_9162
9163,Person_9163
9164,Person_9164
9165,Person_9165
9166,Person_9166
9167,Person_9167
9168,Person_9168
9169,Person_9169
9170,Person_9170
9171,Person_9171
9172,Person_9172
9173,Person_9173
9174,Person_9174
9175,Person_9175
9176,Person_9176
9177,Person_9177
9178,Person_9178
9179,Person_9179
9180,Person_9180
9181,Person_9181
9182,Person_9182
9183,Person_9183
9184,Person_9184
9185,Person_9185
9186,Person_9186
9187,Person_9187
9188,Person_9188
9189,Person_9189
9190,Person_9190
9191,Person_9191
9192,Person_9192
9193,Person_9193
9194,Person_9194
9195,Person_9195
9196,Person_9196
9197,Person_9197
9198,Person_9198
9199,Person_9199
9200,Person_9200
9201,Person_9201
9202,Person_9202
9203,Person_9203
9204,Person_9204
9205,Person_9205
9206,Person_9206
9207,Person_9207
9208,Person_9208
9209,Person_9209
9210,Person_9210
9211,Person_9211
9212,Person_9212
9213,Person_9213
9214,Person_9214
9215,Person_9215
9216,Person_9216
9217,Person_9217
9218,Person_9218
9219,Person_9219
9220,Person_9220
9221,Person_9221
9222,Person_9222
9223,Person_9223
9224,Person_9224
9225,Person_9225
9226,Person_9226
9227,Person_9227
9228,Person_9228
9229,Person_9229
9230,Person_9230
9231,Person_9231
9232,Person_9232
9233,Person_9233
9234,Person_9234
9235,Person_9235
9236,Person_9236
9237,Person_9237
9238,Person_9238
9239,Person_9239
9240,Person_9240
9241,Person_9241
9242,Person_9242
9243,Person_9243
9244,Person_9244
9245,Person_9245
9246,Person_9246
9247,Person_9247
9248,Person_9248
9249,Person_9249
9250,Person_9250
9251,Person_9251
9252,Person_9252
9253,Person_9253
9254,Person_9254
9255,Person_9255
9256,Person_9256
9257,Person_9257
9258,Person_9258
9259,Person_9259
9260,Person_9260
9261,Person_9261
9262,Person_9262
9263,Person_9263
9264,Person_9264
9265,Person_9265
9266,Person_9266
9267,Person_9267
9268,Person_9268
9269,Person_9269
9270,Person_9270
9271,Person_9271
9272,Person_9272
9273,Person_9273
9274,Person_9274
9275,Person_9275
9276,Person_9276
9277,Person_9277
9278,Person_9278
9279,Person_9279
9280,Person_9280
9281,Person_9281
9282,Person_9282
9283,Person_9283
9284,Person_9284
9285,Person_9285
9286,Person_9286
9287,Person_9287
9288,Person_9288
9289,Person_9289
9290,Person_9290
9291,Person_9291
9292,Person_9292
9293,Person_9293
9294,Person_9294
9295,Person_9295
9296,Person_9296
9297,Person_9297
9298,Person_9298
9299,Person_9299
9300,Person_9300
9301,Person_9301
9302,Person_9302
9303,Person_9303
9304,Person_9304
9305,Person_9305
9306,Person_9306
9307,Person_9307
9308,Person_9308
9309,Person_9309
9310,Person_9310
9311,Person_9311
9312,Person_9312
9313,Person_9313
9314,Person_9314
9315,Person_9315
9316,Person_9316
9317,Person_9317
9318,Person_9318
9319,Person_9319
9320,Person_9320
9321,Person_9321
9322,Person_9322
9323,Person_9323
9324,Person_9324
9325,Person_9325
9326,Person_9326
9327,Person_9327
9328,Person_9328
9329,Person_9329
9330,Person_9330
9331,Person_9331
9332,Person_9332
9333,Person_9333
9334,Person_9334
9335,Person_9335
9336,Person_9336
9337,Person_9337
9338,Person_9338
9339,Person_9339
9340,Person_9340
9341,Person_9341
9342,Person_9342
9343,Person_9343
9344,Person_9344
9345,Person_9345
9346,Person_9346
9347,Person_9347
9348,Person_9348
9349,Person_9349
9350,Person_9350
9351,Person_9351
9352,Person_9352
9353,Person_9353
9354,Person_9354
9355,Person_9355
9356,Person_9356
9357,Person_9357
9358,Person_9358
9359,Person_9359
9360,Person_9360
9361,Person_9361
9362,Person_9362
9363,Person_9363
9364,Person_9364
9365,Person_9365
9366,Person_9366
9367,Person_9367
9368,Person_9368
9369,Person_9369
9370,Person_9370
9371,Person_9371
9372,Person_9372
9373,Person_9373
9374,Person_9374
9375,Person_9375
9376,Person_9376
9377,Person_9377
9378,Person_9378
9379,Person_9379
9380,Person_9380
9381,Person_9381
9382,Person_9382
9383,Person_9383
9384,Person_9384
9385,Person_9385
9386,Person_9386
9387,Person_9387
9388,Person_9388
9389,Person_9389
9390,Person_9390
9391,Person_9391
9392,Person_9392
9393,Person_9393
9394,Person_9394
9395,Person_9395
9396,Person_9396
9397,Person_9397
9398,Person_9398
9399,Person_9399
9400,Person_9400
9401,Person_9401
9402,Person_9402
9403,Person_9403
9404,Person_9404
9405,Person_9405
9406,Person_9406
9407,Person_9407
9408,Person_9408
9409,Person_9409
9410,Person_9410
9411,Person_9411
9412,Person_9412
9413,Person_9413
9414,Person_9414
9415,Person_9415
9416,Person_9416
9417,Person_9417
9418,Person_9418
9419,Person_9419
9420,Person_9420
9421,Person_9421
9422,Person_9422
9423,Person_9423
9424,Person_9424
9425,Person_9425
9426,Person_9426
9427,Person_9427
9428,Person_9428
9429,Person_9429
9430,Person_9430
9431,Person_9431
9432,Person_9432
9433,Person_9433
9434,Person_9434
9435,Person_9435
9436,Person_9436
9437,Person_9437
9438,Person_9438
9439,Person_9439
9440,Person_9440
9441,Person_9441
9442,Person_9442
9443,Person_9443
9444,Person_9444
9445,Person_9445
9446,Person_9446
9447,Person_9447
9448,Person_9448
9449,Person_9449
9450,Person_9450
9451,Person_9451
9452,Person_9452
9453,Person_9453
9454,Person_9454
9455,Person_9455
9456,Person_9456
9457,Person_9457
9458,Person_9458
9459,Person_9459
9460,Person_9460
9461,Person_9461
9462,Person_9462
9463,Person_9463
9464,Person_9464
9465,Person_9465
9466,Person_9466
9467,Person_9467
9468,Person_9468
9469,Person_9469
9470,Person_9470
9471,Person_9471
9472,Person_9472
9473,Person_9473
9474,Person_9474
9475,Person_9475
9476,Person_9476
9477,Person_9477
9478,Person_9478
9479,Person_9479
9480,Person_9480
9481,Person_9481
9482,Person_9482
9483,Person_9483
9484,Person_9484
9485,Person_9485
9486,Person_9486
9487,Person_9487
9488,Person_9488
9489,Person_9489
9490,Person_9490
9491,Person_9491
9492,Person_9492
9493,Person_9493
9494,Person_9494
9495,Person_9495
9496,Person_9496
9497,Person_9497
9498,Person_9498
9499,Person_9499
9500,Person_9500
9501,Person_9501
9502,Person_9502
9503,Person_9503
9504,Person_9504
9505,Person_9505
9506,Person_9506
9507,Person_9507
9508,Person_9508
9509,Person_9509
9510,Person_9510
9511,Person_9511
9512,Person_9512
9513,Person_9513
9514,Person_9514
9515,Person_9515
9516,Person_9516
9517,Person_9517
9518,Person_9518
9519,Person_9519
9520,Person_9520
9521,Person_9521
9522,Person_9522
9523,Person_9523
9524,Person_9524
9525,Person_9525
9526,Person_9526
9527,Person_9527
9528,Person_9528
9529,Person_9529
9530,Person_9530
9531,Person_9531
9532,Person_9532
9533,Person_9533
9534,Person_9534
9535,Person_9535
9536,Person_9536
9537,Person_9537
9538,Person_9538
9539,Person_9539
9540,Person_9540
9541,Person_9541
9542,Person_9542
9543,Person_9543
9544,Person_9544
9545,Person_9545
9546,Person_9546
9547,Person_9547
9548,Person_9548
9549,Person_9549
9550,Person_9550
9551,Person_9551
9552,Person_9552
9553,Person_9553
9554,Person_9554
9555,Person_9555
9556,Person_9556
9557,Person_9557
9558,Person_9558
9559,Person_9559
9560,Person_9560
9561,Person_9561
9562,Person_9562
9563,Person_9563
9564,Person_9564
9565,Person_9565
9566,Person_9566
9567,Person_9567
9568,Person_9568
9569,Person_9569
9570,Person_9570
9571,Person_9571
9572,Person_9572
9573,Person_9573
9574,Person_9574
9575,Person_9575
9576,Person_9576
9577,Person_9577
9578,Person_9578
9579,Person_9579
9580,Person_9580
9581,Person_9581
9582,Person_9582
9583,Person_9583
9584,Person_9584
9585,Person_9585
9586,Person_9586
9587,Person_9587
9588,Person_9588
9589,Person_9589
9590,Person_9590
9591,Person_9591
9592,Person_9592
9593,Person_9593
9594,Person_9594
9595,Person_9595
9596,Person_9596
9597,Person_9597
9598,Person_9598
9599,Person_9599
9600,Person_9600
9601,Person_9601
9602,Person_9602
9603,Person_9603
9604,Person_9604
9605,Person_9605
9606,Person_9606
9607,Person_9607
9608,Person_9608
9609,Person_9609
9610,Person_9610
9611,Person_9611
9612,Person_9612
9613,Person_9613
9614,Person_9614
9615,Person_9615
9616,Person_9616
9617,Person_9617
9618,Person_9618
9619,Person_9619
9620,Person_9620
9621,Person_9621
9622,Person_9622
9623,Person_9623
9624,Person_9624
9625,Person_9625
9626,Person_9626
9627,Person_9627
9628,Person_9628
9629,Person_9629
9630,Person_9630
9631,Person_9631
9632,Person_9632
9633,Person_9633
9634,Person_9634
9635,Person_9635
9636,Person_9636
9637,Person_9637
9638,Person_9638
9639,Person_9639
9640,Person_9640
9641,Person_9641
9642,Person_9642
9643,Person_9643
9644,Person_9644
9645,Person_9645
9646,Person_9646
9647,Person_9647
9648,Person_9648
9649,Person_9649
9650,Person_9650
9651,Person_9651
9652,Person_9652
9653,Person_9653
9654,Person_9654
9655,Person_9655
9656,Person_9656
9657,Person_9657
9658,Person_9658
9659,Person_9659
9660,Person_9660
9661,Person_9661
9662,Person_9662
9663,Person_9663
9664,Person_9664
9665,Person_9665
9666,Person_9666
9667,Person_9667
9668,Person_9668
9669,Person_9669
9670,Person_9670
9671,Person_9671
9672,Person_9672
9673,Person_9673
9674,Person_9674
9675,Person_9675
9676,Person_9676
9677,Person_9677
9678,Person_9678
9679,Person_9679
9680,Person_9680
9681,Person_9681
9682,Person_9682
9683,Person_9683
9684,Person_9684
9685,Person_9685
9686,Person_9686
9687,Person_9687
9688,Person_9688
9689,Person_9689
9690,Person_9690
9691,Person_9691
9692,Person_9692
9693,Person_9693
9694,Person_9694
9695,Person_9695
9696,Person_9696
9697,Person_9697
9698,Person_9698
9699,Person_9699
9700,Person_9700
9701,Person_9701
9702,Person_9702
9703,Person_9703
9704,Person_9704
9705,Person_9705
9706,Person_9706
9707,Person_9707
9708,Person_9708
9709,Person_9709
9710,Person_9710
9711,Person_9711
9712,Person_9712
9713,Person_9713
9714,Person_9714
9715,Person_9715
9716,Person_9716
9717,Person_9717
9718,Person_9718
9719,Person_9719
9720,Person_9720
9721,Person_9721
9722,Person_9722
9723,Person_9723
9724,Person_9724
9725,Person_9725
9726,Person_9726
9727,Person_9727
9728,Person_9728
9729,Person_9729
9730,Person_9730
9731,Person_9731
9732,Person_9732
9733,Person_9733
9734,Person_9734
9735,Person_9735
9736,Person_9736
9737,Person_9737
9738,Person_9738
9739,Person_9739
9740,Person_9740
9741,Person_9741
9742,Person_9742
9743,Person_9743
9744,Person_9744
9745,Person_9745
9746,Person_9746
9747,Person_9747
9748,Person_9748
9749,Person_9749
9750,Person_9750
9751,Person_9751
9752,Person_9752
9753,Person_9753
9754,Person_9754
9755,Person_9755
9756,Person_9756
9757,Person_9757
9758,Person_9758
9759,Person_9759
9760,Person_9760
9761,Person_9761
9762,Person_9762
9763,Person_9763
9764,Person_9764
9765,Person_9765
9766,Person_9766
9767,Person_9767
9768,Person_9768
9769,Person_9769
9770,Person_9770
9771,Person_9771
9772,Person_9772
9773,Person_9773
9774,Person_9774
9775,Person_9775
9776,Person_9776
9777,Person_9777
9778,Person_9778
9779,Person_9779
9780,Person_9780
9781,Person_9781
9782,Person_9782
9783,Person_9783
9784,Person_9784
9785,Person_9785
9786,Person_9786
9787,Person_9787
9788,Person_9788
9789,Person_9789
9790,Person_9790
9791,Person_9791
9792,Person_9792
9793,Person_9793
9794,Person_9794
9795,Person_9795
9796,Person_9796
9797,Person_9797
9798,Person_9798
9799,Person_9799
9800,Person_9800
9801,Person_9801
9802,Person_9802
9803,Person_9803
9804,Person_9804
9805,Person_9805
9806,Person_9806
9807,Person_9807
9808,Person_9808
9809,Person_9809
9810,Person_9810
9811,Person_9811
9812,Person_9812
9813,Person_9813
9814,Person_9814
9815,Person_9815
9816,Person_9816
9817,Person_9817
9818,Person_9818
9819,Person_9819
9820,Person_9820
9821,Person_9821
9822,Person_9822
9823,Person_9823
9824,Person_9824
9825,Person_9825
9826,Person_9826
9827,Person_9827
9828,Person_9828
9829,Person_9829
9830,Person_9830
9831,Person_9831
9832,Person_9832
9833,Person_9833
9834,Person_9834
9835,Person_9835
9836,Person_9836
9837,Person_9837
9838,Person_9838
9839,Person_9839
9840,Person_9840
9841,Person_9841
9842,Person_9842
9843,Person_9843
9844,Person_9844
9845,Person_9845
9846,Person_9846
9847,Person_9847
9848,Person_9848
9849,Person_9849
9850,Person_9850
9851,Person_9851
9852,Person_9852
9853,Person_9853
9854,Person_9854
9855,Person_9855
9856,Person_9856
9857,Person_9857
9858,Person_9858
9859,Person_9859
9860,Person_9860
9861,Person_9861
9862,Person_9862
9863,Person_9863
9864,Person_9864
9865,Person_9865
9866,Person_9866
9867,Person_9867
9868,Person_9868
9869,Person_9869
9870,Person_9870
9871,Person_9871
9872,Person_9872
9873,Person_9873
9874,Person_9874
9875,Person_9875
9876,Person_9876
9877,Person_9877
9878,Person_9878
9879,Person_9879
9880,Person_9880
9881,Person_9881
9882,Person_9882
9883,Person_9883
9884,Person_9884
9885,Person_9885
9886,Person_9886
9887,Person_9887
9888,Person_9888
9889,Person_9889
9890,Person_9890
9891,Person_9891
9892,Person_9892
9893,Person_9893
9894,Person_9894
9895,Person_9895
9896,Person_9896
9897,Person_9897
9898,Person_9898
9899,Person_9899
9900,Person_9900
9901,Person_9901
9902,Person_9902
9903,Person_9903
9904,Person_9904
9905,Person_9905
9906,Person_9906
9907,Person_9907
9908,Person_9908
9909,Person_9909
9910,Person_9910
9911,Person_9911
9912,Person_9912
9913,Person_9913
9914,Person_9914
9915,Person_9915
9916,Person_9916
9917,Person_9917
9918,Person_9918
9919,Person_9919
9920,Person_9920
9921,Person_9921
9922,Person_9922
9923,Person_9923
9924,Person_9924
9925,Person_9925
9926,Person_9926
9927,Person_9927
9928,Person_9928
9929,Person_9929
9930,Person_9930
9931,Person_9931
9932,Person_9932
9933,Person_9933
9934,Person_9934
9935,Person_9935
9936,Person_9936
9937,Person_9937
9938,Person_9938
9939,Person_9939
9940,Person_9940
9941,Person_9941
9942,Person_9942
9943,Person_9943
9944,Person_9944
9945,Person_9945
9946,Person_9946
9947,Person_9947
9948,Person_9948
9949,Person_9949
9950,Person_9950
9951,Person_9951
9952,Person_9952
9953,Person_9953
9954,Person_9954
9955,Person_9955
9956,Person_9956
9957,Person_9957
9958,Person_9958
9959,Person_9959
9960,Person_9960
9961,Person_9961
9962,Person_9962
9963,Person_9963
9964,Person_9964
9965,Person_9965
9966,Person_9966
9967,Person_9967
9968,Person_9968
9969,Person_9969
9970,Person_9970
9971,Person_9971
9972,Person_9972
9973,Person_9973
9974,Person_9974
9975,Person_9975
9976,Person_9976
9977,Person_9977
9978,Person_9978
9979,Person_9979
9980,Person_9980
9981,Person_9981
9982,Person_9982
9983,Person_9983
9984,Person_9984
9985,Person_9985
9986,Person_9986
9987,Person_9987
9988,Person_9988
9989,Person_9989
9990,Person_9990
9991,Person_9991
9992,Person_9992
9993,Person_9993
9994,Person_9994
9995,Person_9995
9996,Person_9996
9997,Person_9997
9998,Person_9998
9999,Person_9999
10000,Person_10000
10001,Person_10001
10002,Person_10002
10003,Person_10003
10004,Person_10004
10005,Person_10005
10006,Person_10006
10007,Person_10007
10008,Person_10008
10009,Person_10009
10010,Person_10010
10011,Person_10011
10012,Person_10012
10013,Person_10013
10014,Person_10014
10015,Person_10015
10016,Person_10016
10017,Person_10017
10018,Person_10018
10019,Person_10019
10020,Person_10020
10021,Person_10021
10022,Person_10022
10023,Person_10023
10024,Person_10024
10025,Person_10025
10026,Person_10026
10027,Person_10027
10028,Person_10028
10029,Person_10029
10030,Person_10030
10031,Person_10031
10032,Person_10032
10033,Person_10033
10034,Person_10034
10035,Person_10035
10036,Person_10036
10037,Person_10037
10038,Person_10038
10039,Person_10039
10040,Person_10040
10041,Person_10041
10042,Person_10042
10043,Person_10043
10044,Person_10044
10045,Person_10045
10046,Person_10046
10047,Person_10047
10048,Person_10048
10049,Person_10049
10050,Person_10050
10051,Person_10051
10052,Person_10052
10053,Person_10053
10054,Person_10054
10055,Person_10055
10056,Person_10056
10057,Person_10057
10058,Person_10058
10059,Person_10059
10060,Person_10060
10061,Person_10061
10062,Person_10062
10063,Person_10063
10064,Person_10064
10065,Person_10065
10066,Person_10066
10067,Person_10067
10068,Person_10068
10069,Person_10069
10070,Person_10070
10071,Person_10071
10072,Person_10072
10073,Person_10073
10074,Person_10074
10075,Person_10075
10076,Person_10076
10077,Person_10077
10078,Person_10078
10079,Person_10079
10080,Person_10080
10081,Person_10081
10082,Person_10082
10083,Person_10083
10084,Person_10084
10085,Person_10085
10086,Person_10086
10087,Person_10087
10088,Person_10088
10089,Person_10089
10090,Person_10090
10091,Person_10091
10092,Person_10092
10093,Person_10093
10094,Person_10094
10095,Person_10095
10096,Person_10096
10097,Person_10097
10098,Person_10098
10099,Person_10099
10100,Person_10100
10101,Person_10101
10102,Person_10102
10103,Person_10103
10104,Person_10104
10105,Person_10105
10106,Person_10106
10107,Person_10107
10108,Person_10108
10109,Person_10109
10110,Person_10110
10111,Person_10111
10112,Person_10112
10113,Person_10113
10114,Person_10114
10115,Person_10115
10116,Person_10116
10117,Person_10117
10118,Person_10118
10119,Person_10119
10120,Person_10120
10121,Person_10121
10122,Person_10122
10123,Person_10123
10124,Person_10124
10125,Person_10125
10126,Person_10126
10127,Person_10127
10128,Person_10128
10129,Person_10129
10130,Person_10130
10131,Person_10131
10132,Person_10132
10133,Person_10133
10134,Person_10134
10135,Person_10135
10136,Person_10136
10137,Person_10137
10138,Person_10138
10139,Person_10139
10140,Person_10140
10141,Person_10141
10142,Person_10142
10143,Person_10143
10144,Person_10144
10145,Person_10145
10146,Person_10146
10147,Person_10147
10148,Person_10148
10149,Person_10149
10150,Person_10150
10151,Person_10151
10152,Person_10152
10153,Person_10153
10154,Person_10154
10155,Person_10155
10156,Person_10156
10157,Person_10157
10158,Person_10158
10159,Person_10159
10160,Person_10160
10161,Person_10161
10162,Person_10162
10163,Person_10163
10164,Person_10164
10165,Person_10165
10166,Person_10166
10167,Person_10167
10168,Person_10168
10169,Person_10169
10170,Person_10170
10171,Person_10171
10172,Person_10172
10173,Person_10173
10174,Person_10174
10175,Person_10175
10176,Person_10176
10177,Person_10177
10178,Person_10178
10179,Person_10179
10180,Person_10180
10181,Person_10181
10182,Person_10182
10183,Person_10183
10184,Person_10184
10185,Person_10185
10186,Person_10186
10187,Person_10187
10188,Person_10188
10189,Person_10189
10190,Person_10190
10191,Person_10191
10192,Person_10192
10193,Person_10193
10194,Person_10194
10195,Person_10195
10196,Person_10196
10197,Person_10197
10198,Person_10198
10199,Person_10199
10200,Person_10200
10201,Person_10201
10202,Person_10202
10203,Person_10203
10204,Person_10204
10205,Person_10205
10206,Person_10206
10207,Person_10207
10208,Person_10208
10209,Person_10209
10210,Person_10210
10211,Person_10211
10212,Person_10212
10213,Person_10213
10214,Person_10214
10215,Person_10215
10216,Person_10216
10217,Person_10217
10218,Person_10218
10219,Person_10219
10220,Person_10220
10221,Person_10221
10222,Person_10222
10223,Person_10223
10224,Person_10224
10225,Person_10225
10226,Person_10226
10227,Person_10227
10228,Person_10228
10229,Person_10229
10230,Person_10230
10231,Person_10231
10232,Person_10232
10233,Person_10233
10234,Person_10234
10235,Person_10235
10236,Person_10236
10237,Person_10237
10238,Person_10238
10239,Person_10239
10240,Person_10240
10241,Person_10241
10242,Person_10242
10243,Person_10243
10244,Person_10244
10245,Person_10245
10246,Person_10246
10247,Person_10247
10248,Person_10248
10249,Person_10249
10250,Person_10250
10251,Person_10251
10252,Person_10252
10253,Person_10253
10254,Person_10254
10255,Person_10255
10256,Person_10256
10257,Person_10257
10258,Person_10258
10259,Person_10259
10260,Person_10260
10261,Person_10261
10262,Person_10262
10263,Person_10263
10264,Person_10264
10265,Person_10265
10266,Person_10266
10267,Person_10267
10268,Person_10268
10269,Person_10269
10270,Person_10270
10271,Person_10271
10272,Person_10272
10273,Person_10273
10274,Person_10274
10275,Person_10275
10276,Person_10276
10277,Person_10277
10278,Person_10278
10279,Person_10279
10280,Person_10280
10281,Person_10281
10282,Person_10282
10283,Person_10283
10284,Person_10284
10285,Person_10285
10286,Person_10286
10287,Person_10287
10288,Person_10288
10289,Person_10289
10290,Person_10290
10291,Person_10291
10292,Person_10292
10293,Person_10293
10294,Person_10294
10295,Person_10295
10296,Person_10296
10297,Person_10297
10298,Person_10298
10299,Person_10299
10300,Person_10300
10301,Person_10301
10302,Person_10302
10303,Person_10303
10304,Person_10304
10305,Person_10305
10306,Person_10306
10307,Person_10307
10308,Person_10308
10309,Person_10309
10310,Person_10310
10311,Person_10311
10312,Person_10312
10313,Person_10313
10314,Person_10314
10315,Person_10315
10316,Person_10316
10317,Person_10317
10318,Person_10318
10319,Person_10319
10320,Person_10320
10321,Person_10321
10322,Person_10322
10323,Person_10323
10324,Person_10324
10325,Person_10325
10326,Person_10326
10327,Person_10327
10328,Person_10328
10329,Person_10329
10330,Person_10330
10331,Person_10331
10332,Person_10332
10333,Person_10333
10334,Person_10334
10335,Person_10335
10336,Person_10336
10337,Person_10337
10338,Person_10338
10339,Person_10339
10340,Person_10340
10341,Person_10341
10342,Person_10342
10343,Person_10343
10344,Person_10344
10345,Person_10345
10346,Person_10346
10347,Person_10347
10348,Person_10348
10349,Person_10349
10350,Person_10350
10351,Person_10351
10352,Person_10352
10353,Person_10353
10354,Person_10354
10355,Person_10355
10356,Person_10356
10357,Person_10357
10358,Person_10358
10359,Person_10359
10360,Person_10360
10361,Person_10361
10362,Person_10362
10363,Person_10363
10364,Person_10364
10365,Person_10365
10366,Person_10366
10367,Person_10367
10368,Person_10368
10369,Person_10369
10370,Person_10370
10371,Person_10371
10372,Person_10372
10373,Person_10373
10374,Person_10374
10375,Person_10375
10376,Person_10376
10377,Person_10377
10378,Person_10378
10379,Person_10379
10380,Person_10380
10381,Person_10381
10382,Person_10382
10383,Person_10383
10384,Person_10384
10385,Person_10385
10386,Person_10386
10387,Person_10387
10388,Person_10388
10389,Person_10389
10390,Person_10390
10391,Person_10391
10392,Person_10392
10393,Person_10393
10394,Person_10394
10395,Person_10395
10396,Person_10396
10397,Person_10397
10398,Person_10398
10399,Person_10399
10400,Person_10400
10401,Person_10401
10402,Person_10402
10403,Person_10403
10404,Person_10404
10405,Person_10405
10406,Person_10406
10407,Person_10407
10408,Person_10408
10409,Person_10409
10410,Person_10410
10411,Person_10411
10412,Person_10412
10413,Person_10413
10414,Person_10414
10415,Person_10415
10416,Person_10416
10417,Person_10417
10418,Person_10418
10419,Person_10419
10420,Person_10420
10421,Person_10421
10422,Person_10422
10423,Person_10423
10424,Person_10424
10425,Person_10425
10426,Person_10426
10427,Person_10427
10428,Person_10428
10429,Person_10429
10430,Person_10430
10431,Person_10431
10432,Person_10432
10433,Person_10433
10434,Person_10434
10435,Person_10435
10436,Person_10436
10437,Person_10437
10438,Person_10438
10439,Person_10439
10440,Person_10440
10441,Person_10441
10442,Person_10442
10443,Person_10443
10444,Person_10444
10445,Person_10445
10446,Person_10446
10447,Person_10447
10448,Person_10448
10449,Person_10449
10450,Person_10450
10451,Person_10451
10452,Person_10452
10453,Person_10453
10454,Person_10454
10455,Person_10455
10456,Person_10456
10457,Person_10457
10458,Person_10458
10459,Person_10459
10460,Person_10460
10461,Person_10461
10462,Person_10462
10463,Person_10463
10464,Person_10464
10465,Person_10465
10466,Person_10466
10467,Person_10467
10468,Person_10468
10469,Person_10469
10470,Person_10470
10471,Person_10471
10472,Person_10472
10473,Person_10473
10474,Person_10474
10475,Person_10475
10476,Person_10476
10477,Person_10477
10478,Person_10478
10479,Person_10479
10480,Person_10480
10481,Person_10481
10482,Person_10482
10483,Person_10483
10484,Person_10484
10485,Person_10485
10486,Person_10486
10487,Person_10487
10488,Person_10488
10489,Person_10489
10490,Person_10490
10491,Person_10491
10492,Person_10492
10493,Person_10493
10494,Person_10494
10495,Person_10495
10496,Person_10496
10497,Person_10497
10498,Person_10498
10499,Person_10499
10500,Person_10500
10501,Person_10501
10502,Person_10502
10503,Person_10503
10504,Person_10504
10505,Person_10505
10506,Person_10506
10507,Person_10507
10508,Person_10508
10509,Person_10509
10510,Person_10510
10511,Person_10511
10512,Person_10512
10513,Person_10513
10514,Person_10514
10515,Person_10515
10516,Person_10516
10517,Person_10517
10518,Person_10518
10519,Person_10519
10520,Person_10520
10521,Person_10521
10522,Person_10522
10523,Person_10523
10524,Person_10524
10525,Person_10525
10526,Person_10526
10527,Person_10527
10528,Person_10528
10529,Person_10529
10530,Person_10530
10531,Person_10531
10532,Person_10532
10533,Person_10533
10534,Person_10534
10535,Person_10535
10536,Person_10536
10537,Person_10537
10538,Person_10538
10539,Person_10539
10540,Person_10540
10541,Person_10541
10542,Person_10542
10543,Person_10543
10544,Person_10544
10545,Person_10545
10546,Person_10546
10547,Person_10547
10548,Person_10548
10549,Person_10549
10550,Person_10550
10551,Person_10551
10552,Person_10552
10553,Person_10553
10554,Person_10554
10555,Person_10555
10556,Person_10556
10557,Person_10557
10558,Person_10558
10559,Person_10559
10560,Person_10560
10561,Person_10561
10562,Person_10562
10563,Person_10563
10564,Person_10564
10565,Person_10565
10566,Person_10566
10567,Person_10567
10568,Person_10568
10569,Person_10569
10570,Person_10570
10571,Person_10571
10572,Person_10572
10573,Person_10573
10574,Person_10574
10575,Person_10575
10576,Person_10576
10577,Person_10577
10578,Person_10578
10579,Person_10579
10580,Person_10580
10581,Person_10581
10582,Person_10582
10583,Person_10583
10584,Person_10584
10585,Person_10585
10586,Person_10586
10587,Person_10587
10588,Person_10588
10589,Person_10589
10590,Person_10590
10591,Person_10591
10592,Person_10592
10593,Person_10593
10594,Person_10594
10595,Person_10595
10596,Person_10596
10597,Person_10597
10598,Person_10598
10599,Person_10599
10600,Person_10600
10601,Person_10601
10602,Person_10602
10603,Person_10603
10604,Person_10604
10605,Person_10605
10606,Person_10606
10607,Person_10607
10608,Person_10608
10609,Person_10609
10610,Person_10610
10611,Person_10611
10612,Person_10612
10613,Person_10613
10614,Person_10614
10615,Person_10615
10616,Person_10616
10617,Person_10617
10618,Person_10618
10619,Person_10619
10620,Person_10620
10621,Person_10621
10622,Person_10622
10623,Person_10623
10624,Person_10624
10625,Person_10625
10626,Person_10626
10627,Person_10627
10628,Person_10628
10629,Person_10629
10630,Person_10630
10631,Person_10631
10632,Person_10632
10633,Person_10633
10634,Person_10634
10635,Person_10635
10636,Person_10636
10637,Person_10637
10638,Person_10638
10639,Person_10639
10640,Person_10640
10641,Person_10641
10642,Person_10642
10643,Person_10643
10644,Person_10644
10645,Person_10645
10646,Person_10646
10647,Person_10647
10648,Person_10648
10649,Person_10649
10650,Person_10650
10651,Person_10651
10652,Person_10652
10653,Person_10653
10654,Person_10654
10655,Person_10655
10656,Person_10656
10657,Person_10657
10658,Person_10658
10659,Person_10659
10660,Person_10660
10661,Person_10661
10662,Person_10662
10663,Person_10663
10664,Person_10664
10665,Person_10665
10666,Person_10666
10667,Person_10667
10668,Person_10668
10669,Person_10669
10670,Person_10670
10671,Person_10671
10672,Person_10672
10673,Person_10673
10674,Person_10674
10675,Person_10675
10676,Person_10676
10677,Person_10677
10678,Person_10678
10679,Person_10679
10680,Person_10680
10681,Person_10681
10682,Person_10682
10683,Person_10683
10684,Person_10684
10685,Person_10685
10686,Person_10686
10687,Person_10687
10688,Person_10688
10689,Person_10689
10690,Person_10690
10691,Person_10691
10692,Person_10692
10693,Person_10693
10694,Person_10694
10695,Person_10695
10696,Person_10696
10697,Person_10697
10698,Person_10698
10699,Person_10699
10700,Person_10700
10701,Person_10701
10702,Person_10702
10703,Person_10703
10704,Person_10704
10705,Person_10705
10706,Person_10706
10707,Person_10707
10708,Person_10708
10709,Person_10709
10710,Person_10710
10711,Person_10711
10712,Person_10712
10713,Person_10713
10714,Person_10714
10715,Person_10715
10716,Person_10716
10717,Person_10717
10718,Person_10718
10719,Person_10719
10720,Person_10720
10721,Person_10721
10722,Person_10722
10723,Person_10723
10724,Person_10724
10725,Person_10725
10726,Person_10726
10727,Person_10727
10728,Person_10728
10729,Person_10729
10730,Person_10730
10731,Person_10731
10732,Person_10732
10733,Person_10733
10734,Person_10734
10735,Person_10735
10736,Person_10736
10737,Person_10737
10738,Person_10738
10739,Person_10739
10740,Person_10740
10741,Person_10741
10742,Person_10742
10743,Person_10743
10744,Person_10744
10745,Person_10745
10746,Person_10746
10747,Person_10747
10748,Person_10748
10749,Person_10749
10750,Person_10750
10751,Person_10751
10752,Person_10752
10753,Person_10753
10754,Person_10754
10755,Person_10755
10756,Person_10756
10757,Person_10757
10758,Person_10758
10759,Person_10759
10760,Person_10760
10761,Person_10761
10762,Person_10762
10763,Person_10763
10764,Person_10764
10765,Person_10765
10766,Person_10766
10767,Person_10767
10768,Person_10768
10769,Person_10769
10770,Person_10770
10771,Person_10771
10772,Person_10772
10773,Person_10773
10774,Person_10774
10775,Person_10775
10776,Person_10776
10777,Person_10777
10778,Person_10778
10779,Person_10779
10780,Person_10780
10781,Person_10781
10782,Person_10782
10783,Person_10783
10784,Person_10784
10785,Person_10785
10786,Person_10786
10787,Person_10787
10788,Person_10788
10789,Person_10789
10790,Person_10790
10791,Person_10791
10792,Person_10792
10793,Person_10793
10794,Person_10794
10795,Person_10795
10796,Person_10796
10797,Person_10797
10798,Person_10798
10799,Person_10799
10800,Person_10800
10801,Person_10801
10802,Person_10802
10803,Person_10803
10804,Person_10804
10805,Person_10805
10806,Person_10806
10807,Person_10807
10808,Person_10808
10809,Person_10809
10810,Person_10810
10811,Person_10811
10812,Person_10812
10813,Person_10813
10814,Person_10814
10815,Person_10815
10816,Person_10816
10817,Person_10817
10818,Person_10818
10819,Person_10819
10820,Person_10820
10821,Person_10821
10822,Person_10822
10823,Person_10823
10824,Person_10824
10825,Person_10825
10826,Person_10826
10827,Person_10827
10828,Person_10828
10829,Person_10829
10830,Person_10830
10831,Person_10831
10832,Person_10832
10833,Person_10833
10834,Person_10834
10835,Person_10835
10836,Person_10836
10837,Person_10837
10838,Person_10838
10839,Person_10839
10840,Person_10840
10841,Person_10841
10842,Person_10842
10843,Person_10843
10844,Person_10844
10845,Person_10845
10846,Person_10846
10847,Person_10847
10848,Person_10848
10849,Person_10849
10850,Person_10850
10851,Person_10851
10852,Person_10852
10853,Person_10853
10854,Person_10854
10855,Person_10855
10856,Person_10856
10857,Person_10857
10858,Person_10858
10859,Person_10859
10860,Person_10860
10861,Person_10861
10862,Person_10862
10863,Person_10863
10864,Person_10864
10865,Person_10865
10866,Person_10866
10867,Person_10867
10868,Person_10868
10869,Person_10869
10870,Person_10870
10871,Person_10871
10872,Person_10872
10873,Person_10873
10874,Person_10874
10875,Person_10875
10876,Person_10876
10877,Person_10877
10878,Person_10878
10879,Person_10879
10880,Person_10880
10881,Person_10881
10882,Person_10882
10883,Person_10883
10884,Person_10884
10885,Person_10885
10886,Person_10886
10887,Person_10887
10888,Person_10888
10889,Person_10889
10890,Person_10890
10891,Person_10891
10892,Person_10892
10893,Person_10893
10894,Person_10894
10895,Person_10895
10896,Person_10896
10897,Person_10897
10898,Person_10898
10899,Person_10899
10900,Person_10900
10901,Person_10901
10902,Person_10902
10903,Person_10903
10904,Person_10904
10905,Person_10905
10906,Person_10906
10907,Person_10907
10908,Person_10908
10909,Person_10909
10910,Person_10910
10911,Person_10911
10912,Person_10912
10913,Person_10913
10914,Person_10914
10915,Person_10915
10916,Person_10916
10917,Person_10917
10918,Person_10918
10919,Person_10919
10920,Person_10920
10921,Person_10921
10922,Person_10922
10923,Person_10923
10924,Person_10924
10925,Person_10925
10926,Person_10926
10927,Person_10927
10928,Person_10928
10929,Person_10929
10930,Person_10930
10931,Person_10931
10932,Person_10932
10933,Person_10933
10934,Person_10934
10935,Person_10935
10936,Person_10936
10937,Person_10937
10938,Person_10938
10939,Person_10939
10940,Person_10940
10941,Person_10941
10942,Person_10942
10943,Person_10943
10944,Person_10944
10945,Person_10945
10946,Person_10946
10947,Person_10947
10948,Person_10948
10949,Person_10949
10950,Person_10950
10951,Person_10951
10952,Person_10952
10953,Person_10953
10954,Person_10954
10955,Person_10955
10956,Person_10956
10957,Person_10957
10958,Person_10958
10959,Person_10959
10960,Person_10960
10961,Person_10961
10962,Person_10962
10963,Person_10963
10964,Person_10964
10965,Person_10965
10966,Person_10966
10967,Person_10967
10968,Person_10968
10969,Person_10969
10970,Person_10970
10971,Person_10971
10972,Person_10972
10973,Person_10973
10974,Person_10974
10975,Person_10975
10976,Person_10976
10977,Person_10977
10978,Person_10978
10979,Person_10979
10980,Person_10980
10981,Person_10981
10982,Person_10982
10983,Person_10983
10984,Person_10984
10985,Person_10985
10986,Person_10986
10987,Person_10987
10988,Person_10988
10989,Person_10989
10990,Person_10990
10991,Person_10991
10992,Person_10992
10993,Person_10993
10994,Person_10994
10995,Person_10995
10996,Person_10996
10997,Person_10997
10998,Person_10998
10999,Person_10999
11000,Person_11000
11001,Person_11001
11002,Person_11002
11003,Person_11003
11004,Person_11004
11005,Person_11005
11006,Person_11006
11007,Person_11007
11008,Person_11008
11009,Person_11009
11010,Person_11010
11011,Person_11011
11012,Person_11012
11013,Person_11013
11014,Person_11014
11015,Person_11015
11016,Person_11016
11017,Person_11017
11018,Person_11018
11019,Person_11019
11020,Person_11020
11021,Person_11021
11022,Person_11022
11023,Person_11023
11024,Person_11024
11025,Person_11025
11026,Person_11026
11027,Person_11027
11028,Person_11028
11029,Person_11029
11030,Person_11030
11031,Person_11031
11032,Person_11032
11033,Person_11033
11034,Person_11034
11035,Person_11035
11036,Person_11036
11037,Person_11037
11038,Person_11038
11039,Person_11039
11040,Person_11040
11041,Person_11041
11042,Person_11042
11043,Person_11043
11044,Person_11044
11045,Person_11045
11046,Person_11046
11047,Person_11047
11048,Person_11048
11049,Person_11049
11050,Person_11050
11051,Person_11051
11052,Person_11052
11053,Person_11053
11054,Person_11054
11055,Person_11055
11056,Person_11056
11057,Person_11057
11058,Person_11058
11059,Person_11059
11060,Person_11060
11061,Person_11061
11062,Person_11062
11063,Person_11063
11064,Person_11064
11065,Person_11065
11066,Person_11066
11067,Person_11067
11068,Person_11068
11069,Person_11069
11070,Person_11070
11071,Person_11071
11072,Person_11072
11073,Person_11073
11074,Person_11074
11075,Person_11075
11076,Person_11076
11077,Person_11077
11078,Person_11078
11079,Person_11079
11080,Person_11080
11081,Person_11081
11082,Person_11082
11083,Person_11083
11084,Person_11084
11085,Person_11085
11086,Person_11086
11087,Person_11087
11088,Person_11088
11089,Person_11089
11090,Person_11090
11091,Person_11091
11092,Person_11092
11093,Person_11093
11094,Person_11094
11095,Person_11095
11096,Person_11096
11097,Person_11097
11098,Person_11098
11099,Person_11099
11100,Person_11100
11101,Person_11101
11102,Person_11102
11103,Person_11103
11104,Person_11104
11105,Person_11105
11106,Person_11106
11107,Person_11107
11108,Person_11108
11109,Person_11109
11110,Person_11110
11111,Person_11111
11112,Person_11112
11113,Person_11113
11114,Person_11114
11115,Person_11115
11116,Person_11116
11117,Person_11117
11118,Person_11118
11119,Person_11119
11120,Person_11120
11121,Person_11121
11122,Person_11122
11123,Person_11123
11124,Person_11124
11125,Person_11125
11126,Person_11126
11127,Person_11127
11128,Person_11128
11129,Person_11129
11130,Person_11130
11131,Person_11131
11132,Person_11132
11133,Person_11133
11134,Person_11134
11135,Person_11135
11136,Person_11136
11137,Person_11137
11138,Person_11138
11139,Person_11139
11140,Person_11140
11141,Person_11141
11142,Person_11142
11143,Person_11143
11144,Person_11144
11145,Person_11145
11146,Person_11146
11147,Person_11147
11148,Person_11148
11149,Person_11149
11150,Person_11150
11151,Person_11151
11152,Person_11152
11153,Person_11153
11154,Person_11154
11155,Person_11155
11156,Person_11156
11157,Person_11157
11158,Person_11158
11159,Person_11159
11160,Person_11160
11161,Person_11161
11162,Person_11162
11163,Person_11163
11164,Person_11164
11165,Person_11165
11166,Person_11166
11167,Person_11167
11168,Person_11168
11169,Person_11169
11170,Person_11170
11171,Person_11171
11172,Person_11172
11173,Person_11173
11174,Person_11174
11175,Person_11175
11176,Person_11176
11177,Person_11177
11178,Person_11178
11179,Person_11179
11180,Person_11180
11181,Person_11181
11182,Person_11182
11183,Person_11183
11184,Person_11184
11185,Person_11185
11186,Person_11186
11187,Person_11187
11188,Person_11188
11189,Person_11189
11190,Person_11190
11191,Person_11191
11192,Person_11192
11193,Person_11193
11194,Person_11194
11195,Person_11195
11196,Person_11196
11197,Person_11197
11198,Person_11198
11199,Person_11199
11200,Person_11200
11201,Person_11201
11202,Person_11202
11203,Person_11203
11204,Person_11204
11205,Person_11205
11206,Person_11206
11207,Person_11207
11208,Person_11208
11209,Person_11209
11210,Person_11210
11211,Person_11211
11212,Person_11212
11213,Person_11213
11214,Person_11214
11215,Person_11215
11216,Person_11216
11217,Person_11217
11218,Person_11218
11219,Person_11219
11220,Person_11220
11221,Person_11221
11222,Person_11222
11223,Person_11223
11224,Person_11224
11225,Person_11225
11226,Person_11226
11227,Person_11227
11228,Person_11228
11229,Person_11229
11230,Person_11230
11231,Person_11231
11232,Person_11232
11233,Person_11233
11234,Person_11234
11235,Person_11235
11236,Person_11236
11237,Person_11237
11238,Person_11238
11239,Person_11239
11240,Person_11240
11241,Person_11241
11242,Person_11242
11243,Person_11243
11244,Person_11244
11245,Person_11245
11246,Person_11246
11247,Person_11247
11248,Person_11248
11249,Person_11249
11250,Person_11250
11251,Person_11251
11252,Person_11252
11253,Person_11253
11254,Person_11254
11255,Person_11255
11256,Person_11256
11257,Person_11257
11258,Person_11258
11259,Person_11259
11260,Person_11260
11261,Person_11261
11262,Person_11262
11263,Person_11263
11264,Person_11264
11265,Person_11265
11266,Person_11266
11267,Person_11267
11268,Person_11268
11269,Person_11269
11270,Person_11270
11271,Person_11271
11272,Person_11272
11273,Person_11273
11274,Person_11274
11275,Person_11275
11276,Person_11276
11277,Person_11277
11278,Person_11278
11279,Person_11279
11280,Person_11280
11281,Person_11281
11282,Person_11282
11283,Person_11283
11284,Person_11284
11285,Person_11285
11286,Person_11286
11287,Person_11287
11288,Person_11288
11289,Person_11289
11290,Person_11290
11291,Person_11291
11292,Person_11292
11293,Person_11293
11294,Person_11294
11295,Person_11295
11296,Person_11296
11297,Person_11297
11298,Person_11298
11299,Person_11299
11300,Person_11300
11301,Person_11301
11302,Person_11302
11303,Person_11303
11304,Person_11304
11305,Person_11305
11306,Person_11306
11307,Person_11307
11308,Person_11308
11309,Person_11309
11310,Person_11310
11311,Person_11311
11312,Person_11312
11313,Person_11313
11314,Person_11314
11315,Person_11315
11316,Person_11316
11317,Person_11317
11318,Person_11318
11319,Person_11319
11320,Person_11320
11321,Person_11321
11322,Person_11322
11323,Person_11323
11324,Person_11324
11325,Person_11325
11326,Person_11326
11327,Person_11327
11328,Person_11328
11329,Person_11329
11330,Person_11330
11331,Person_11331
11332,Person_11332
11333,Person_11333
11334,Person_11334
11335,Person_11335
11336,Person_11336
11337,Person_11337
11338,Person_11338
11339,Person_11339
11340,Person_11340
11341,Person_11341
11342,Person_11342
11343,Person_11343
11344,Person_11344
11345,Person_11345
11346,Person_11346
11347,Person_11347
11348,Person_11348
11349,Person_11349
11350,Person_11350
11351,Person_11351
11352,Person_11352
11353,Person_11353
11354,Person_11354
11355,Person_11355
11356,Person_11356
11357,Person_11357
11358,Person_11358
11359,Person_11359
11360,Person_11360
11361,Person_11361
11362,Person_11362
11363,Person_11363
11364,Person_11364
11365,Person_11365
11366,Person_11366
11367,Person_11367
11368,Person_11368
11369,Person_11369
11370,Person_11370
11371,Person_11371
11372,Person_11372
11373,Person_11373
11374,Person_11374
11375,Person_11375
11376,Person_11376
11377,Person_11377
11378,Person_11378
11379,Person_11379
11380,Person_11380
11381,Person_11381
11382,Person_11382
11383,Person_11383
11384,Person_11384
11385,Person_11385
11386,Person_11386
11387,Person_11387
11388,Person_11388
11389,Person_11389
11390,Person_11390
11391,Person_11391
11392,Person_11392
11393,Person_11393
11394,Person_11394
11395,Person_11395
11396,Person_11396
11397,Person_11397
11398,Person_11398
11399,Person_11399
11400,Person_11400
11401,Person_11401
11402,Person_11402
11403,Person_11403
11404,Person_11404
11405,Person_11405
11406,Person_11406
11407,Person_11407
11408,Person_11408
11409,Person_11409
11410,Person_11410
11411,Person_11411
11412,Person_11412
11413,Person_11413
11414,Person_11414
11415,Person_11415
11416,Person_11416
11417,Person_11417
11418,Person_11418
11419,Person_11419
11420,Person_11420
11421,Person_11421
11422,Person_11422
11423,Person_11423
11424,Person_11424
11425,Person_11425
11426,Person_11426
11427,Person_11427
11428,Person_11428
11429,Person_11429
11430,Person_11430
11431,Person_11431
11432,Person_11432
11433,Person_11433
11434,Person_11434
11435,Person_11435
11436,Person_11436
11437,Person_11437
11438,Person_11438
11439,Person_11439
11440,Person_11440
11441,Person_11441
11442,Person_11442
11443,Person_11443
11444,Person_11444
11445,Person_11445
11446,Person_11446
11447,Person_11447
11448,Person_11448
11449,Person_11449
11450,Person_11450
11451,Person_11451
11452,Person_11452
11453,Person_11453
11454,Person_11454
11455,Person_11455
11456,Person_11456
11457,Person_11457
11458,Person_11458
11459,Person_11459
11460,Person_11460
11461,Person_11461
11462,Person_11462
11463,Person_11463
11464,Person_11464
11465,Person_11465
11466,Person_11466
11467,Person_11467
11468,Person_11468
11469,Person_11469
11470,Person_11470
11471,Person_11471
11472,Person_11472
11473,Person_11473
11474,Person_11474
11475,Person_11475
11476,Person_11476
11477,Person_11477
11478,Person_11478
11479,Person_11479
11480,Person_11480
11481,Person_11481
11482,Person_11482
11483,Person_11483
11484,Person_11484
11485,Person_11485
11486,Person_11486
11487,Person_11487
11488,Person_11488
11489,Person_11489
11490,Person_11490
11491,Person_11491
11492,Person_11492
11493,Person_11493
11494,Person_11494
11495,Person_11495
11496,Person_11496
11497,Person_11497
11498,Person_11498
11499,Person_11499
11500,Person_11500
11501,Person_11501
11502,Person_11502
11503,Person_11503
11504,Person_11504
11505,Person_11505
11506,Person_11506
11507,Person_11507
11508,Person_11508
11509,Person_11509
11510,Person_11510
11511,Person_11511
11512,Person_11512
11513,Person_11513
11514,Person_11514
11515,Person_11515
11516,Person_11516
11517,Person_11517
11518,Person_11518
11519,Person_11519
11520,Person_11520
11521,Person_11521
11522,Person_11522
11523,Person_11523
11524,Person_11524
11525,Person_11525
11526,Person_11526
11527,Person_11527
11528,Person_11528
11529,Person_11529
11530,Person_11530
11531,Person_11531
11532,Person_11532
11533,Person_11533
11534,Person_11534
11535,Person_11535
11536,Person_11536
11537,Person_11537
11538,Person_11538
11539,Person_11539
11540,Person_11540
11541,Person_11541
11542,Person_11542
11543,Person_11543
11544,Person_11544
11545,Person_11545
11546,Person_11546
11547,Person_11547
11548,Person_11548
11549,Person_11549
11550,Person_11550
11551,Person_11551
11552,Person_11552
11553,Person_11553
11554,Person_11554
11555,Person_11555
11556,Person_11556
11557,Person_11557
11558,Person_11558
11559,Person_11559
11560,Person_11560
11561,Person_11561
11562,Person_11562
11563,Person_11563
11564,Person_11564
11565,Person_11565
11566,Person_11566
11567,Person_11567
11568,Person_11568
11569,Person_11569
11570,Person_11570
11571,Person_11571
11572,Person_11572
11573,Person_11573
11574,Person_11574
11575,Person_11575
11576,Person_11576
11577,Person_11577
11578,Person_11578
11579,Person_11579
11580,Person_11580
11581,Person_11581
11582,Person_11582
11583,Person_11583
11584,Person_11584
11585,Person_11585
11586,Person_11586
11587,Person_11587
11588,Person_11588
11589,Person_11589
11590,Person_11590
11591,Person_11591
11592,Person_11592
11593,Person_11593
11594,Person_11594
11595,Person_11595
11596,Person_11596
11597,Person_11597
11598,Person_11598
11599,Person_11599
11600,Person_11600
11601,Person_11601
11602,Person_11602
11603,Person_11603
11604,Person_11604
11605,Person_11605
11606,Person_11606
11607,Person_11607
11608,Person_11608
11609,Person_11609
11610,Person_11610
11611,Person_11611
11612,Person_11612
11613,Person_11613
11614,Person_11614
11615,Person_11615
11616,Person_11616
11617,Person_11617
11618,Person_11618
11619,Person_11619
11620,Person_11620
11621,Person_11621
11622,Person_11622
11623,Person_11623
11624,Person_11624
11625,Person_11625
11626,Person_11626
11627,Person_11627
11628,Person_11628
11629,Person_11629
11630,Person_11630
11631,Person_11631
11632,Person_11632
11633,Person_11633
11634,Person_11634
11635,Person_11635
11636,Person_11636
11637,Person_11637
11638,Person_11638
11639,Person_11639
11640,Person_11640
11641,Person_11641
11642,Person_11642
11643,Person_11643
11644,Person_11644
11645,Person_11645
11646,Person_11646
11647,Person_11647
11648,Person_11648
11649,Person_11649
11650,Person_11650
11651,Person_11651
11652,Person_11652
11653,Person_11653
11654,Person_11654
11655,Person_11655
11656,Person_11656
11657,Person_11657
11658,Person_11658
11659,Person_11659
11660,Person_11660
11661,Person_11661
11662,Person_11662
11663,Person_11663
11664,Person_11664
11665,Person_11665
11666,Person_11666
11667,Person_11667
11668,Person_11668
11669,Person_11669
11670,Person_11670
11671,Person_11671
11672,Person_11672
11673,Person_11673
11674,Person_11674
11675,Person_11675
11676,Person_11676
11677,Person_11677
11678,Person_11678
11679,Person_11679
11680,Person_11680
11681,Person_11681
11682,Person_11682
11683,Person_11683
11684,Person_11684
11685,Person_11685
11686,Person_11686
11687,Person_11687
11688,Person_11688
11689,Person_11689
11690,Person_11690
11691,Person_11691
11692,Person_11692
11693,Person_11693
11694,Person_11694
11695,Person_11695
11696,Person_11696
11697,Person_11697
11698,Person_11698
11699,Person_11699
11700,Person_11700
11701,Person_11701
11702,Person_11702
11703,Person_11703
11704,Person_11704
11705,Person_11705
11706,Person_11706
11707,Person_11707
11708,Person_11708
11709,Person_11709
11710,Person_11710
11711,Person_11711
11712,Person_11712
11713,Person_11713
11714,Person_11714
11715,Person_11715
11716,Person_11716
11717,Person_11717
11718,Person_11718
11719,Person_11719
11720,Person_11720
11721,Person_11721
11722,Person_11722
11723,Person_11723
11724,Person_11724
11725,Person_11725
11726,Person_11726
11727,Person_11727
11728,Person_11728
11729,Person_11729
11730,Person_11730
11731,Person_11731
11732,Person_11732
11733,Person_11733
11734,Person_11734
11735,Person_11735
11736,Person_11736
11737,Person_11737
11738,Person_11738
11739,Person_11739
11740,Person_11740
11741,Person_11741
11742,Person_11742
11743,Person_11743
11744,Person_11744
11745,Person_11745
11746,Person_11746
11747,Person_11747
11748,Person_11748
11749,Person_11749
11750,Person_11750
11751,Person_11751
11752,Person_11752
11753,Person_11753
11754,Person_11754
11755,Person_11755
11756,Person_11756
11757,Person_11757
11758,Person_11758
11759,Person_11759
11760,Person_11760
11761,Person_11761
11762,Person_11762
11763,Person_11763
11764,Person_11764
11765,Person_11765
11766,Person_11766
11767,Person_11767
11768,Person_11768
11769,Person_11769
11770,Person_11770
11771,Person_11771
11772,Person_11772
11773,Person_11773
11774,Person_11774
11775,Person_11775
11776,Person_11776
11777,Person_11777
11778,Person_11778
11779,Person_11779
11780,Person_11780
11781,Person_11781
11782,Person_11782
11783,Person_11783
11784,Person_11784
11785,Person_11785
11786,Person_11786
11787,Person_11787
11788,Person_11788
11789,Person_11789
11790,Person_11790
11791,Person_11791
11792,Person_11792
11793,Person_11793
11794,Person_11794
11795,Person_11795
11796,Person_11796
11797,Person_11797
11798,Person_11798
11799,Person_11799
11800,Person_11800
11801,Person_11801
11802,Person_11802
11803,Person_11803
11804,Person_11804
11805,Person_11805
11806,Person_11806
11807,Person_11807
11808,Person_11808
11809,Person_11809
11810,Person_11810
11811,Person_11811
11812,Person_11812
11813,Person_11813
11814,Person_11814
11815,Person_11815
11816,Person_11816
11817,Person_11817
11818,Person_11818
11819,Person_11819
11820,Person_11820
11821,Person_11821
11822,Person_11822
11823,Person_11823
11824,Person_11824
11825,Person_11825
11826,Person_11826
11827,Person_11827
11828,Person_11828
11829,Person_11829
11830,Person_11830
11831,Person_11831
11832,Person_11832
11833,Person_11833
11834,Person_11834
11835,Person_11835
11836,Person_11836
11837,Person_11837
11838,Person_11838
11839,Person_11839
11840,Person_11840
11841,Person_11841
11842,Person_11842
11843,Person_11843
11844,Person_11844
11845,Person_11845
11846,Person_11846
11847,Person_11847
11848,Person_11848
11849,Person_11849
11850,Person_11850
11851,Person_11851
11852,Person_11852
11853,Person_11853
11854,Person_11854
11855,Person_11855
11856,Person_11856
11857,Person_11857
11858,Person_11858
11859,Person_11859
11860,Person_11860
11861,Person_11861
11862,Person_11862
11863,Person_11863
11864,Person_11864
11865,Person_11865
11866,Person_11866
11867,Person_11867
11868,Person_11868
11869,Person_11869
11870,Person_11870
11871,Person_11871
11872,Person_11872
11873,Person_11873
11874,Person_11874
11875,Person_11875
11876,Person_11876
11877,Person_11877
11878,Person_11878
11879,Person_11879
11880,Person_11880
11881,Person_11881
11882,Person_11882
11883,Person_11883
11884,Person_11884
11885,Person_11885
11886,Person_11886
11887,Person_11887
11888,Person_11888
11889,Person_11889
11890,Person_11890
11891,Person_11891
11892,Person_11892
11893,Person_11893
11894,Person_11894
11895,Person_11895
11896,Person_11896
11897,Person_11897
11898,Person_11898
11899,Person_11899
11900,Person_11900
11901,Person_11901
11902,Person_11902
11903,Person_11903
11904,Person_11904
11905,Person_11905
11906,Person_11906
11907,Person_11907
11908,Person_11908
11909,Person_11909
11910,Person_11910
11911,Person_11911
11912,Person_11912
11913,Person_11913
11914,Person_11914
11915,Person_11915
11916,Person_11916
11917,Person_11917
11918,Person_11918
11919,Person_11919
11920,Person_11920
11921,Person_11921
11922,Person_11922
11923,Person_11923
11924,Person_11924
11925,Person_11925
11926,Person_11926
11927,Person_11927
11928,Person_11928
11929,Person_11929
11930,Person_11930
11931,Person_11931
11932,Person_11932
11933,Person_11933
11934,Person_11934
11935,Person_11935
11936,Person_11936
11937,Person_11937
11938,Person_11938
11939,Person_11939
11940,Person_11940
11941,Person_11941
11942,Person_11942
11943,Person_11943
11944,Person_11944
11945,Person_11945
11946,Person_11946
11947,Person_11947
11948,Person_11948
11949,Person_11949
11950,Person_11950
11951,Person_11951
11952,Person_11952
11953,Person_11953
11954,Person_11954
11955,Person_11955
11956,Person_11956
11957,Person_11957
11958,Person_11958
11959,Person_11959
11960,Person_11960
11961,Person_11961
11962,Person_11962
11963,Person_11963
11964,Person_11964
11965,Person_11965
11966,Person_11966
11967,Person_11967
11968,Person_11968
11969,Person_11969
11970,Person_11970
11971,Person_11971
11972,Person_11972
11973,Person_11973
11974,Person_11974
11975,Person_11975
11976,Person_11976
11977,Person_11977
11978,Person_11978
11979,Person_11979
11980,Person_11980
11981,Person_11981
11982,Person_11982
11983,Person_11983
11984,Person_11984
11985,Person_11985
11986,Person_11986
11987,Person_11987
11988,Person_11988
11989,Person_11989
11990,Person_11990
11991,Person_11991
11992,Person_11992
11993,Person_11993
11994,Person_11994
11995,Person_11995
11996,Person_11996
11997,Person_11997
11998,Person_11998
11999,Person_11999
12000,Person_12000
12001,Person_12001
12002,Person_12002
12003,Person_12003
12004,Person_12004
12005,Person_12005
12006,Person_12006
12007,Person_12007
12008,Person_12008
12009,Person_12009
12010,Person_12010
12011,Person_12011
12012,Person_12012
12013,Person_12013
12014,Person_12014
12015,Person_12015
12016,Person_12016
12017,Person_12017
12018,Person_12018
12019,Person_12019
12020,Person_12020
12021,Person_12021
12022,Person_12022
12023,Person_12023
12024,Person_12024
12025,Person_12025
12026,Person_12026
12027,Person_12027
12028,Person_12028
12029,Person_12029
12030,Person_12030
12031,Person_12031
12032,Person_12032
12033,Person_12033
12034,Person_12034
12035,Person_12035
12036,Person_12036
12037,Person_12037
12038,Person_12038
12039,Person_12039
12040,Person_12040
12041,Person_12041
12042,Person_12042
12043,Person_12043
12044,Person_12044
12045,Person_12045
12046,Person_12046
12047,Person_12047
12048,Person_12048
12049,Person_12049
12050,Person_12050
12051,Person_12051
12052,Person_12052
12053,Person_12053
12054,Person_12054
12055,Person_12055
12056,Person_12056
12057,Person_12057
12058,Person_12058
12059,Person_12059
12060,Person_12060
12061,Person_12061
12062,Person_12062
12063,Person_12063
12064,Person_12064
12065,Person_12065
12066,Person_12066
12067,Person_12067
12068,Person_12068
12069,Person_12069
12070,Person_12070
12071,Person_12071
12072,Person_12072
12073,Person_12073
12074,Person_12074
12075,Person_12075
12076,Person_12076
12077,Person_12077
12078,Person_12078
12079,Person_12079
12080,Person_12080
12081,Person_12081
12082,Person_12082
12083,Person_12083
12084,Person_12084
12085,Person_12085
12086,Person_12086
12087,Person_12087
12088,Person_12088
12089,Person_12089
12090,Person_12090
12091,Person_12091
12092,Person_12092
12093,Person_12093
12094,Person_12094
12095,Person_12095
12096,Person_12096
12097,Person_12097
12098,Person_12098
12099,Person_12099
12100,Person_12100
12101,Person_12101
12102,Person_12102
12103,Person_12103
12104,Person_12104
12105,Person_12105
12106,Person_12106
12107,Person_12107
12108,Person_12108
12109,Person_12109
12110,Person_12110
12111,Person_12111
12112,Person_12112
12113,Person_12113
12114,Person_12114
12115,Person_12115
12116,Person_12116
12117,Person_12117
12118,Person_12118
12119,Person_12119
12120,Person_12120
12121,Person_12121
12122,Person_12122
12123,Person_12123
12124,Person_12124
12125,Person_12125
12126,Person_12126
12127,Person_12127
12128,Person_12128
12129,Person_12129
12130,Person_12130
12131,Person_12131
12132,Person_12132
12133,Person_12133
12134,Person_12134
12135,Person_12135
12136,Person_12136
12137,Person_12137
12138,Person_12138
12139,Person_12139
12140,Person_12140
12141,Person_12141
12142,Person_12142
12143,Person_12143
12144,Person_12144
12145,Person_12145
12146,Person_12146
12147,Person_12147
12148,Person_12148
12149,Person_12149
12150,Person_12150
12151,Person_12151
12152,Person_12152
12153,Person_12153
12154,Person_12154
12155,Person_12155
12156,Person_12156
12157,Person_12157
12158,Person_12158
12159,Person_12159
12160,Person_12160
12161,Person_12161
12162,Person_12162
12163,Person_12163
12164,Person_12164
12165,Person_12165
12166,Person_12166
12167,Person_12167
12168,Person_12168
12169,Person_12169
12170,Person_12170
12171,Person_12171
12172,Person_12172
12173,Person_12173
12174,Person_12174
12175,Person_12175
12176,Person_12176
12177,Person_12177
12178,Person_12178
12179,Person_12179
12180,Person_12180
12181,Person_12181
12182,Person_12182
12183,Person_12183
12184,Person_12184
12185,Person_12185
12186,Person_12186
12187,Person_12187
12188,Person_12188
12189,Person_12189
12190,Person_12190
12191,Person_12191
12192,Person_12192
12193,Person_12193
12194,Person_12194
12195,Person_12195
12196,Person_12196
12197,Person_12197
12198,Person_12198
12199,Person_12199
12200,Person_12200
12201,Person_12201
12202,Person_12202
12203,Person_12203
12204,Person_12204
12205,Person_12205
12206,Person_12206
12207,Person_12207
12208,Person_12208
12209,Person_12209
12210,Person_12210
12211,Person_12211
12212,Person_12212
12213,Person_12213
12214,Person_12214
12215,Person_12215
12216,Person_12216
12217,Person_12217
12218,Person_12218
12219,Person_12219
12220,Person_12220
12221,Person_12221
12222,Person_12222
12223,Person_12223
12224,Person_12224
12225,Person_12225
12226,Person_12226
12227,Person_12227
12228,Person_12228
12229,Person_12229
12230,Person_12230
12231,Person_12231
12232,Person_12232
12233,Person_12233
12234,Person_12234
12235,Person_12235
12236,Person_12236
12237,Person_12237
12238,Person_12238
12239,Person_12239
12240,Person_12240
12241,Person_12241
12242,Person_12242
12243,Person_12243
12244,Person_12244
12245,Person_12245
12246,Person_12246
12247,Person_12247
12248,Person_12248
12249,Person_12249
12250,Person_12250
12251,Person_12251
12252,Person_12252
12253,Person_12253
12254,Person_12254
12255,Person_12255
12256,Person_12256
12257,Person_12257
12258,Person_12258
12259,Person_12259
12260,Person_12260
12261,Person_12261
12262,Person_12262
12263,Person_12263
12264,Person_12264
12265,Person_12265
12266,Person_12266
12267,Person_12267
12268,Person_12268
12269,Person_12269
12270,Person_12270
12271,Person_12271
12272,Person_12272
12273,Person_12273
12274,Person_12274
12275,Person_12275
12276,Person_12276
12277,Person_12277
12278,Person_12278
12279,Person_12279
12280,Person_12280
12281,Person_12281
12282,Person_12282
12283,Person_12283
12284,Person_12284
12285,Person_12285
12286,Person_12286
12287,Person_12287
12288,Person_12288
12289,Person_12289
12290,Person_12290
12291,Person_12291
12292,Person_12292
12293,Person_12293
12294,Person_12294
12295,Person_12295
12296,Person_12296
12297,Person_12297
12298,Person_12298
12299,Person_12299
12300,Person_12300
12301,Person_12301
12302,Person_12302
12303,Person_12303
12304,Person_12304
12305,Person_12305
12306,Person_12306
12307,Person_12307
12308,Person_12308
12309,Person_12309
12310,Person_12310
12311,Person_12311
12312,Person_12312
12313,Person_12313
12314,Person_12314
12315,Person_12315
12316,Person_12316
12317,Person_12317
12318,Person_12318
12319,Person_12319
12320,Person_12320
12321,Person_12321
12322,Person_12322
12323,Person_12323
12324,Person_12324
12325,Person_12325
12326,Person_12326
12327,Person_12327
12328,Person_12328
12329,Person_12329
12330,Person_12330
12331,Person_12331
12332,Person_12332
12333,Person_12333
12334,Person_12334
12335,Person_12335
12336,Person_12336
12337,Person_12337
12338,Person_12338
12339,Person_12339
12340,Person_12340
12341,Person_12341
12342,Person_12342
12343,Person_12343
12344,Person_12344
12345,Person_12345
12346,Person_12346
12347,Person_12347
12348,Person_12348
12349,Person_12349
12350,Person_12350
12351,Person_12351
12352,Person_12352
12353,Person_12353
12354,Person_12354
12355,Person_12355
12356,Person_12356
12357,Person_12357
12358,Person_12358
12359,Person_12359
12360,Person_12360
12361,Person_12361
12362,Person_12362
12363,Person_12363
12364,Person_12364
12365,Person_12365
12366,Person_12366
12367,Person_12367
12368,Person_12368
12369,Person_12369
12370,Person_12370
12371,Person_12371
12372,Person_12372
12373,Person_12373
12374,Person_12374
12375,Person_12375
12376,Person_12376
12377,Person_12377
12378,Person_12378
12379,Person_12379
12380,Person_12380
12381,Person_12381
12382,Person_12382
12383,Person_12383
12384,Person_12384
12385,Person_12385
12386,Person_12386
12387,Person_12387
12388,Person_12388
12389,Person_12389
12390,Person_12390
12391,Person_12391
12392,Person_12392
12393,Person_12393
12394,Person_12394
12395,Person_12395
12396,Person_12396
12397,Person_12397
12398,Person_12398
12399,Person_12399
12400,Person_12400
12401,Person_12401
12402,Person_12402
12403,Person_12403
12404,Person_12404
12405,Person_12405
12406,Person_12406
12407,Person_12407
12408,Person_12408
12409,Person_12409
12410,Person_12410
12411,Person_12411
12412,Person_12412
12413,Person_12413
12414,Person_12414
12415,Person_12415
12416,Person_12416
12417,Person_12417
12418,Person_12418
12419,Person_12419
12420,Person_12420
12421,Person_12421
12422,Person_12422
12423,Person_12423
12424,Person_12424
12425,Person_12425
12426,Person_12426
12427,Person_12427
12428,Person_12428
12429,Person_12429
12430,Person_12430
12431,Person_12431
12432,Person_12432
12433,Person_12433
12434,Person_12434
12435,Person_12435
12436,Person_12436
12437,Person_12437
12438,Person_12438
12439,Person_12439
12440,Person_12440
12441,Person_12441
12442,Person_12442
12443,Person_12443
12444,Person_12444
12445,Person_12445
12446,Person_12446
12447,Person_12447
12448,Person_12448
12449,Person_12449
12450,Person_12450
12451,Person_12451
12452,Person_12452
12453,Person_12453
12454,Person_12454
12455,Person_12455
12456,Person_12456
12457,Person_12457
12458,Person_12458
12459,Person_12459
12460,Person_12460
12461,Person_12461
12462,Person_12462
12463,Person_12463
12464,Person_12464
12465,Person_12465
12466,Person_12466
12467,Person_12467
12468,Person_12468
12469,Person_12469
12470,Person_12470
12471,Person_12471
12472,Person_12472
12473,Person_12473
12474,Person_12474
12475,Person_12475
12476,Person_12476
12477,Person_12477
12478,Person_12478
12479,Person_12479
12480,Person_12480
12481,Person_12481
12482,Person_12482
12483,Person_12483
12484,Person_12484
12485,Person_12485
12486,Person_12486
12487,Person_12487
12488,Person_12488
12489,Person_12489
12490,Person_12490
12491,Person_12491
12492,Person_12492
12493,Person_12493
12494,Person_12494
12495,Person_12495
12496,Person_12496
12497,Person_12497
12498,Person_12498
12499,Person_12499
12500,Person_12500
12501,Person_12501
12502,Person_12502
12503,Person_12503
12504,Person_12504
12505,Person_12505
12506,Person_12506
12507,Person_12507
12508,Person_12508
12509,Person_12509
12510,Person_12510
12511,Person_12511
12512,Person_12512
12513,Person_12513
12514,Person_12514
12515,Person_12515
12516,Person_12516
12517,Person_12517
12518,Person_12518
12519,Person_12519
12520,Person_12520
12521,Person_12521
12522,Person_12522
12523,Person_12523
12524,Person_12524
12525,Person_12525
12526,Person_12526
12527,Person_12527
12528,Person_12528
12529,Person_12529
12530,Person_12530
12531,Person_12531
12532,Person_12532
12533,Person_12533
12534,Person_12534
12535,Person_12535
12536,Person_12536
12537,Person_12537
12538,Person_12538
12539,Person_12539
12540,Person_12540
12541,Person_12541
12542,Person_12542
12543,Person_12543
12544,Person_12544
12545,Person_12545
12546,Person_12546
12547,Person_12547
12548,Person_12548
12549,Person_12549
12550,Person_12550
12551,Person_12551
12552,Person_12552
12553,Person_12553
12554,Person_12554
12555,Person_12555
12556,Person_12556
12557,Person_12557
12558,Person_12558
12559,Person_12559
12560,Person_12560
12561,Person_12561
12562,Person_12562
12563,Person_12563
12564,Person_12564
12565,Person_12565
12566,Person_12566
12567,Person_12567
12568,Person_12568
12569,Person_12569
12570,Person_12570
12571,Person_12571
12572,Person_12572
12573,Person_12573
12574,Person_12574
12575,Person_12575
12576,Person_12576
12577,Person_12577
12578,Person_12578
12579,Person_12579
12580,Person_12580
12581,Person_12581
12582,Person_12582
12583,Person_12583
12584,Person_12584
12585,Person_12585
12586,Person_12586
12587,Person_12587
12588,Person_12588
12589,Person_12589
12590,Person_12590
12591,Person_12591
12592,Person_12592
12593,Person_12593
12594,Person_12594
12595,Person_12595
12596,Person_12596
12597,Person_12597
12598,Person_12598
12599,Person_12599
12600,Person_12600
12601,Person_12601
12602,Person_12602
12603,Person_12603
12604,Person_12604
12605,Person_12605
12606,Person_12606
12607,Person_12607
12608,Person_12608
12609,Person_12609
12610,Person_12610
12611,Person_12611
12612,Person_12612
12613,Person_12613
12614,Person_12614
12615,Person_12615
12616,Person_12616
12617,Person_12617
12618,Person_12618
12619,Person_12619
12620,Person_12620
12621,Person_12621
12622,Person_12622
12623,Person_12623
12624,Person_12624
12625,Person_12625
12626,Person_12626
12627,Person_12627
12628,Person_12628
12629,Person_12629
12630,Person_12630
12631,Person_12631
12632,Person_12632
12633,Person_12633
12634,Person_12634
12635,Person_12635
12636,Person_12636
12637,Person_12637
12638,Person_12638
12639,Person_12639
12640,Person_12640
12641,Person_12641
12642,Person_12642
12643,Person_12643
12644,Person_12644
12645,Person_12645
12646,Person_12646
12647,Person_12647
12648,Person_12648
12649,Person_12649
12650,Person_12650
12651,Person_12651
12652,Person_12652
12653,Person_12653
12654,Person_12654
12655,Person_12655
12656,Person_12656
12657,Person_12657
12658,Person_12658
12659,Person_12659
12660,Person_12660
12661,Person_12661
12662,Person_12662
12663,Person_12663
12664,Person_12664
12665,Person_12665
12666,Person_12666
12667,Person_12667
12668,Person_12668
12669,Person_12669
12670,Person_12670
12671,Person_12671
12672,Person_12672
12673,Person_12673
12674,Person_12674
12675,Person_12675
12676,Person_12676
12677,Person_12677
12678,Person_12678
12679,Person_12679
12680,Person_12680
12681,Person_12681
12682,Person_12682
12683,Person_12683
12684,Person_12684
12685,Person_12685
12686,Person_12686
12687,Person_12687
12688,Person_12688
12689,Person_12689
12690,Person_12690
12691,Person_12691
12692,Person_12692
12693,Person_12693
12694,Person_12694
12695,Person_12695
12696,Person_12696
12697,Person_12697
12698,Person_12698
12699,Person_12699
12700,Person_12700
12701,Person_12701
12702,Person_12702
12703,Person_12703
12704,Person_12704
12705,Person_12705
12706,Person_12706
12707,Person_12707
12708,Person_12708
12709,Person_12709
12710,Person_12710
12711,Person_12711
12712,Person_12712
12713,Person_12713
12714,Person_12714
12715,Person_12715
12716,Person_12716
12717,Person_12717
12718,Person_12718
12719,Person_12719
12720,Person_12720
12721,Person_12721
12722,Person_12722
12723,Person_12723
12724,Person_12724
12725,Person_12725
12726,Person_12726
12727,Person_12727
12728,Person_12728
12729,Person_12729
12730,Person_12730
12731,Person_12731
12732,Person_12732
12733,Person_12733
12734,Person_12734
12735,Person_12735
12736,Person_12736
12737,Person_12737
12738,Person_12738
12739,Person_12739
12740,Person_12740
12741,Person_12741
12742,Person_12742
12743,Person_12743
12744,Person_12744
12745,Person_12745
12746,Person_12746
12747,Person_12747
12748,Person_12748
12749,Person_12749
12750,Person_12750
12751,Person_12751
12752,Person_12752
12753,Person_12753
12754,Person_12754
12755,Person_12755
12756,Person_12756
12757,Person_12757
12758,Person_12758
12759,Person_12759
12760,Person_12760
12761,Person_12761
12762,Person_12762
12763,Person_12763
12764,Person_12764
12765,Person_12765
12766,Person_12766
12767,Person_12767
12768,Person_12768
12769,Person_12769
12770,Person_12770
12771,Person_12771
12772,Person_12772
12773,Person_12773
12774,Person_12774
12775,Person_12775
12776,Person_12776
12777,Person_12777
12778,Person_12778
12779,Person_12779
12780,Person_12780
12781,Person_12781
12782,Person_12782
12783,Person_12783
12784,Person_12784
12785,Person_12785
12786,Person_12786
12787,Person_12787
12788,Person_12788
12789,Person_12789
12790,Person_12790
12791,Person_12791
12792,Person_12792
12793,Person_12793
12794,Person_12794
12795,Person_12795
12796,Person_12796
12797,Person_12797
12798,Person_12798
12799,Person_12799
12800,Person_12800
12801,Person_12801
12802,Person_12802
12803,Person_12803
12804,Person_12804
12805,Person_12805
12806,Person_12806
12807,Person_12807
12808,Person_12808
12809,Person_12809
12810,Person_12810
12811,Person_12811
12812,Person_12812
12813,Person_12813
12814,Person_12814
12815,Person_12815
12816,Person_12816
12817,Person_12817
12818,Person_12818
12819,Person_12819
12820,Person_12820
12821,Person_12821
12822,Person_12822
12823,Person_12823
12824,Person_12824
12825,Person_12825
12826,Person_12826
12827,Person_12827
12828,Person_12828
12829,Person_12829
12830,Person_12830
12831,Person_12831
12832,Person_12832
12833,Person_12833
12834,Person_12834
12835,Person_12835
12836,Person_12836
12837,Person_12837
12838,Person_12838
12839,Person_12839
12840,Person_12840
12841,Person_12841
12842,Person_12842
12843,Person_12843
12844,Person_12844
12845,Person_12845
12846,Person_12846
12847,Person_12847
12848,Person_12848
12849,Person_12849
12850,Person_12850
12851,Person_12851
12852,Person_12852
12853,Person_12853
12854,Person_12854
12855,Person_12855
12856,Person_12856
12857,Person_12857
12858,Person_12858
12859,Person_12859
12860,Person_12860
12861,Person_12861
12862,Person_12862
12863,Person_12863
12864,Person_12864
12865,Person_12865
12866,Person_12866
12867,Person_12867
12868,Person_12868
12869,Person_12869
12870,Person_12870
12871,Person_12871
12872,Person_12872
12873,Person_12873
12874,Person_12874
12875,Person_12875
12876,Person_12876
12877,Person_12877
12878,Person_12878
12879,Person_12879
12880,Person_12880
12881,Person_12881
12882,Person_12882
12883,Person_12883
12884,Person_12884
12885,Person_12885
12886,Person_12886
12887,Person_12887
12888,Person_12888
12889,Person_12889
12890,Person_12890
12891,Person_12891
12892,Person_12892
12893,Person_12893
12894,Person_12894
12895,Person_12895
12896,Person_12896
12897,Person_12897
12898,Person_12898
12899,Person_12899
12900,Person_12900
12901,Person_12901
12902,Person_12902
12903,Person_12903
12904,Person_12904
12905,Person_12905
12906,Person_12906
12907,Person_12907
12908,Person_12908
12909,Person_12909
12910,Person_12910
12911,Person_12911
12912,Person_12912
12913,Person_12913
12914,Person_12914
12915,Person_12915
12916,Person_12916
12917,Person_12917
12918,Person_12918
12919,Person_12919
12920,Person_12920
12921,Person_12921
12922,Person_12922
12923,Person_12923
12924,Person_12924
12925,Person_12925
12926,Person_12926
12927,Person_12927
12928,Person_12928
12929,Person_12929
12930,Person_12930
12931,Person_12931
12932,Person_12932
12933,Person_12933
12934,Person_12934
12935,Person_12935
12936,Person_12936
12937,Person_12937
12938,Person_12938
12939,Person_12939
12940,Person_12940
12941,Person_12941
12942,Person_12942
12943,Person_12943
12944,Person_12944
12945,Person_12945
12946,Person_12946
12947,Person_12947
12948,Person_12948
12949,Person_12949
12950,Person_12950
12951,Person_12951
12952,Person_12952
12953,Person_12953
12954,Person_12954
12955,Person_12955
12956,Person_12956
12957,Person_12957
12958,Person_12958
12959,Person_12959
12960,Person_12960
12961,Person_12961
12962,Person_12962
12963,Person_12963
12964,Person_12964
12965,Person_12965
12966,Person_12966
12967,Person_12967
12968,Person_12968
12969,Person_12969
12970,Person_12970
12971,Person_12971
12972,Person_12972
12973,Person_12973
12974,Person_12974
12975,Person_12975
12976,Person_12976
12977,Person_12977
12978,Person_12978
12979,Person_12979
12980,Person_12980
12981,Person_12981
12982,Person_12982
12983,Person_12983
12984,Person_12984
12985,Person_12985
12986,Person_12986
12987,Person_12987
12988,Person_12988
12989,Person_12989
12990,Person_12990
12991,Person_12991
12992,Person_12992
12993,Person_12993
12994,Person_12994
12995,Person_12995
12996,Person_12996
12997,Person_12997
12998,Person_12998
12999,Person_12999
13000,Person_13000
13001,Person_13001
13002,Person_13002
13003,Person_13003
13004,Person_13004
13005,Person_13005
13006,Person_13006
13007,Person_13007
13008,Person_13008
13009,Person_13009
13010,Person_13010
13011,Person_13011
13012,Person_13012
13013,Person_13013
13014,Person_13014
13015,Person_13015
13016,Person_13016
13017,Person_13017
13018,Person_13018
13019,Person_13019
13020,Person_13020
13021,Person_13021
13022,Person_13022
13023,Person_13023
13024,Person_13024
13025,Person_13025
13026,Person_13026
13027,Person_13027
13028,Person_13028
13029,Person_13029
13030,Person_13030
13031,Person_13031
13032,Person_13032
13033,Person_13033
13034,Person_13034
13035,Person_13035
13036,Person_13036
13037,Person_13037
13038,Person_13038
13039,Person_13039
13040,Person_13040
13041,Person_13041
13042,Person_13042
13043,Person_13043
13044,Person_13044
13045,Person_13045
13046,Person_13046
13047,Person_13047
13048,Person_13048
13049,Person_13049
13050,Person_13050
13051,Person_13051
13052,Person_13052
13053,Person_13053
13054,Person_13054
13055,Person_13055
13056,Person_13056
13057,Person_13057
13058,Person_13058
13059,Person_13059
13060,Person_13060
13061,Person_13061
13062,Person_13062
13063,Person_13063
13064,Person_13064
13065,Person_13065
13066,Person_13066
13067,Person_13067
13068,Person_13068
13069,Person_13069
13070,Person_13070
13071,Person_13071
13072,Person_13072
13073,Person_13073
13074,Person_13074
13075,Person_13075
13076,Person_13076
13077,Person_13077
13078,Person_13078
13079,Person_13079
13080,Person_13080
13081,Person_13081
13082,Person_13082
13083,Person_13083
13084,Person_13084
13085,Person_13085
13086,Person_13086
13087,Person_13087
13088,Person_13088
13089,Person_13089
13090,Person_13090
13091,Person_13091
13092,Person_13092
13093,Person_13093
13094,Person_13094
13095,Person_13095
13096,Person_13096
13097,Person_13097
13098,Person_13098
13099,Person_13099
13100,Person_13100
13101,Person_13101
13102,Person_13102
13103,Person_13103
13104,Person_13104
13105,Person_13105
13106,Person_13106
13107,Person_13107
13108,Person_13108
13109,Person_13109
13110,Person_13110
13111,Person_13111
13112,Person_13112
13113,Person_13113
13114,Person_13114
13115,Person_13115
13116,Person_13116
13117,Person_13117
13118,Person_13118
13119,Person_13119
13120,Person_13120
13121,Person_13121
13122,Person_13122
13123,Person_13123
13124,Person_13124
13125,Person_13125
13126,Person_13126
13127,Person_13127
13128,Person_13128
13129,Person_13129
13130,Person_13130
13131,Person_13131
13132,Person_13132
13133,Person_13133
13134,Person_13134
13135,Person_13135
13136,Person_13136
13137,Person_13137
13138,Person_13138
13139,Person_13139
13140,Person_13140
13141,Person_13141
13142,Person_13142
13143,Person_13143
13144,Person_13144
13145,Person_13145
13146,Person_13146
13147,Person_13147
13148,Person_13148
13149,Person_13149
13150,Person_13150
13151,Person_13151
13152,Person_13152
13153,Person_13153
13154,Person_13154
13155,Person_13155
13156,Person_13156
13157,Person_13157
13158,Person_13158
13159,Person_13159
13160,Person_13160
13161,Person_13161
13162,Person_13162
13163,Person_13163
13164,Person_13164
13165,Person_13165
13166,Person_13166
13167,Person_13167
13168,Person_13168
13169,Person_13169
13170,Person_13170
13171,Person_13171
13172,Person_13172
13173,Person_13173
13174,Person_13174
13175,Person_13175
13176,Person_13176
13177,Person_13177
13178,Person_13178
13179,Person_13179
13180,Person_13180
13181,Person_13181
13182,Person_13182
13183,Person_13183
13184,Person_13184
13185,Person_13185
13186,Person_13186
13187,Person_13187
13188,Person_13188
13189,Person_13189
13190,Person_13190
13191,Person_13191
13192,Person_13192
13193,Person_13193
13194,Person_13194
13195,Person_13195
13196,Person_13196
13197,Person_13197
13198,Person_13198
13199,Person_13199
13200,Person_13200
13201,Person_13201
13202,Person_13202
13203,Person_13203
13204,Person_13204
13205,Person_13205
13206,Person_13206
13207,Person_13207
13208,Person_13208
13209,Person_13209
13210,Person_13210
13211,Person_13211
13212,Person_13212
13213,Person_13213
13214,Person_13214
13215,Person_13215
13216,Person_13216
13217,Person_13217
13218,Person_13218
13219,Person_13219
13220,Person_13220
13221,Person_13221
13222,Person_13222
13223,Person_13223
13224,Person_13224
13225,Person_13225
13226,Person_13226
13227,Person_13227
13228,Person_13228
13229,Person_13229
13230,Person_13230
13231,Person_13231
13232,Person_13232
13233,Person_13233
13234,Person_13234
13235,Person_13235
13236,Person_13236
13237,Person_13237
13238,Person_13238
13239,Person_13239
13240,Person_13240
13241,Person_13241
13242,Person_13242
13243,Person_13243
13244,Person_13244
13245,Person_13245
13246,Person_13246
13247,Person_13247
13248,Person_13248
13249,Person_13249
13250,Person_13250
13251,Person_13251
13252,Person_13252
13253,Person_13253
13254,Person_13254
13255,Person_13255
13256,Person_13256
13257,Person_13257
13258,Person_13258
13259,Person_13259
13260,Person_13260
13261,Person_13261
13262,Person_13262
13263,Person_13263
13264,Person_13264
13265,Person_13265
13266,Person_13266
13267,Person_13267
13268,Person_13268
13269,Person_13269
13270,Person_13270
13271,Person_13271
13272,Person_13272
13273,Person_13273
13274,Person_13274
13275,Person_13275
13276,Person_13276
13277,Person_13277
13278,Person_13278
13279,Person_13279
13280,Person_13280
13281,Person_13281
13282,Person_13282
13283,Person_13283
13284,Person_13284
13285,Person_13285
13286,Person_13286
13287,Person_13287
13288,Person_13288
13289,Person_13289
13290,Person_13290
13291,Person_13291
13292,Person_13292
13293,Person_13293
13294,Person_13294
13295,Person_13295
13296,Person_13296
13297,Person_13297
13298,Person_13298
13299,Person_13299
13300,Person_13300
13301,Person_13301
13302,Person_13302
13303,Person_13303
13304,Person_13304
13305,Person_13305
13306,Person_13306
13307,Person_13307
13308,Person_13308
13309,Person_13309
13310,Person_13310
13311,Person_13311
13312,Person_13312
13313,Person_13313
13314,Person_13314
13315,Person_13315
13316,Person_13316
13317,Person_13317
13318,Person_13318
13319,Person_13319
13320,Person_13320
13321,Person_13321
13322,Person_13322
13323,Person_13323
13324,Person_13324
13325,Person_13325
13326,Person_13326
13327,Person_13327
13328,Person_13328
13329,Person_13329
13330,Person_13330
13331,Person_13331
13332,Person_13332
13333,Person_13333
13334,Person_13334
13335,Person_13335
13336,Person_13336
13337,Person_13337
13338,Person_13338
13339,Person_13339
13340,Person_13340
13341,Person_13341
13342,Person_13342
13343,Person_13343
13344,Person_13344
13345,Person_13345
13346,Person_13346
13347,Person_13347
13348,Person_13348
13349,Person_13349
13350,Person_13350
13351,Person_13351
13352,Person_13352
13353,Person_13353
13354,Person_13354
13355,Person_13355
13356,Person_13356
13357,Person_13357
13358,Person_13358
13359,Person_13359
13360,Person_13360
13361,Person_13361
13362,Person_13362
13363,Person_13363
13364,Person_13364
13365,Person_13365
13366,Person_13366
13367,Person_13367
13368,Person_13368
13369,Person_13369
13370,Person_13370
13371,Person_13371
13372,Person_13372
13373,Person_13373
13374,Person_13374
13375,Person_13375
13376,Person_13376
13377,Person_13377
13378,Person_13378
13379,Person_13379
13380,Person_13380
13381,Person_13381
13382,Person_13382
13383,Person_13383
13384,Person_13384
13385,Person_13385
13386,Person_13386
13387,Person_13387
13388,Person_13388
13389,Person_13389
13390,Person_13390
13391,Person_13391
13392,Person_13392
13393,Person_13393
13394,Person_13394
13395,Person_13395
13396,Person_13396
13397,Person_13397
13398,Person_13398
13399,Person_13399
13400,Person_13400
13401,Person_13401
13402,Person_13402
13403,Person_13403
13404,Person_13404
13405,Person_13405
13406,Person_13406
13407,Person_13407
13408,Person_13408
13409,Person_13409
13410,Person_13410
13411,Person_13411
13412,Person_13412
13413,Person_13413
13414,Person_13414
13415,Person_13415
13416,Person_13416
13417,Person_13417
13418,Person_13418
13419,Person_13419
13420,Person_13420
13421,Person_13421
13422,Person_13422
13423,Person_13423
13424,Person_13424
13425,Person_13425
13426,Person_13426
13427,Person_13427
13428,Person_13428
13429,Person_13429
13430,Person_13430
13431,Person_13431
13432,Person_13432
13433,Person_13433
13434,Person_13434
13435,Person_13435
13436,Person_13436
13437,Person_13437
13438,Person_13438
13439,Person_13439
13440,Person_13440
13441,Person_13441
13442,Person_13442
13443,Person_13443
13444,Person_13444
13445,Person_13445
13446,Person_13446
13447,Person_13447
13448,Person_13448
13449,Person_13449
13450,Person_13450
13451,Person_13451
13452,Person_13452
13453,Person_13453
13454,Person_13454
13455,Person_13455
13456,Person_13456
13457,Person_13457
13458,Person_13458
13459,Person_13459
13460,Person_13460
13461,Person_13461
13462,Person_13462
13463,Person_13463
13464,Person_13464
13465,Person_13465
13466,Person_13466
13467,Person_13467
13468,Person_13468
13469,Person_13469
13470,Person_13470
13471,Person_13471
13472,Person_13472
13473,Person_13473
13474,Person_13474
13475,Person_13475
13476,Person_13476
13477,Person_13477
13478,Person_13478
13479,Person_13479
13480,Person_13480
13481,Person_13481
13482,Person_13482
13483,Person_13483
13484,Person_13484
13485,Person_13485
13486,Person_13486
13487,Person_13487
13488,Person_13488
13489,Person_13489
13490,Person_13490
13491,Person_13491
13492,Person_13492
13493,Person_13493
13494,Person_13494
13495,Person_13495
13496,Person_13496
13497,Person_13497
13498,Person_13498
13499,Person_13499
13500,Person_13500
13501,Person_13501
13502,Person_13502
13503,Person_13503
13504,Person_13504
13505,Person_13505
13506,Person_13506
13507,Person_13507
13508,Person_13508
13509,Person_13509
13510,Person_13510
13511,Person_13511
13512,Person_13512
13513,Person_13513
13514,Person_13514
13515,Person_13515
13516,Person_13516
13517,Person_13517
13518,Person_13518
13519,Person_13519
13520,Person_13520
13521,Person_13521
13522,Person_13522
13523,Person_13523
13524,Person_13524
13525,Person_13525
13526,Person_13526
13527,Person_13527
13528,Person_13528
13529,Person_13529
13530,Person_13530
13531,Person_13531
13532,Person_13532
13533,Person_13533
13534,Person_13534
13535,Person_13535
13536,Person_13536
13537,Person_13537
13538,Person_13538
13539,Person_13539
13540,Person_13540
13541,Person_13541
13542,Person_13542
13543,Person_13543
13544,Person_13544
13545,Person_13545
13546,Person_13546
13547,Person_13547
13548,Person_13548
13549,Person_13549
13550,Person_13550
13551,Person_13551
13552,Person_13552
13553,Person_13553
13554,Person_13554
13555,Person_13555
13556,Person_13556
13557,Person_13557
13558,Person_13558
13559,Person_13559
13560,Person_13560
13561,Person_13561
13562,Person_13562
13563,Person_13563
13564,Person_13564
13565,Person_13565
13566,Person_13566
13567,Person_13567
13568,Person_13568
13569,Person_13569
13570,Person_13570
13571,Person_13571
13572,Person_13572
13573,Person_13573
13574,Person_13574
13575,Person_13575
13576,Person_13576
13577,Person_13577
13578,Person_13578
13579,Person_13579
13580,Person_13580
13581,Person_13581
13582,Person_13582
13583,Person_13583
13584,Person_13584
13585,Person_13585
13586,Person_13586
13587,Person_13587
13588,Person_13588
13589,Person_13589
13590,Person_13590
13591,Person_13591
13592,Person_13592
13593,Person_13593
13594,Person_13594
13595,Person_13595
13596,Person_13596
13597,Person_13597
13598,Person_13598
13599,Person_13599
13600,Person_13600
13601,Person_13601
13602,Person_13602
13603,Person_13603
13604,Person_13604
13605,Person_13605
13606,Person_13606
13607,Person_13607
13608,Person_13608
13609,Person_13609
13610,Person_13610
13611,Person_13611
13612,Person_13612
13613,Person_13613
13614,Person_13614
13615,Person_13615
13616,Person_13616
13617,Person_13617
13618,Person_13618
13619,Person_13619
13620,Person_13620
13621,Person_13621
13622,Person_13622
13623,Person_13623
13624,Person_13624
13625,Person_13625
13626,Person_13626
13627,Person_13627
13628,Person_13628
13629,Person_13629
13630,Person_13630
13631,Person_13631
13632,Person_13632
13633,Person_13633
13634,Person_13634
13635,Person_13635
13636,Person_13636
13637,Person_13637
13638,Person_13638
13639,Person_13639
13640,Person_13640
13641,Person_13641
13642,Person_13642
13643,Person_13643
13644,Person_13644
13645,Person_13645
13646,Person_13646
13647,Person_13647
13648,Person_13648
13649,Person_13649
13650,Person_13650
13651,Person_13651
13652,Person_13652
13653,Person_13653
13654,Person_13654
13655,Person_13655
13656,Person_13656
13657,Person_13657
13658,Person_13658
13659,Person_13659
13660,Person_13660
13661,Person_13661
13662,Person_13662
13663,Person_13663
13664,Person_13664
13665,Person_13665
13666,Person_13666
13667,Person_13667
13668,Person_13668
13669,Person_13669
13670,Person_13670
13671,Person_13671
13672,Person_13672
13673,Person_13673
13674,Person_13674
13675,Person_13675
13676,Person_13676
13677,Person_13677
13678,Person_13678
13679,Person_13679
13680,Person_13680
13681,Person_13681
13682,Person_13682
13683,Person_13683
13684,Person_13684
13685,Person_13685
13686,Person_13686
13687,Person_13687
13688,Person_13688
13689,Person_13689
13690,Person_13690
13691,Person_13691
13692,Person_13692
13693,Person_13693
13694,Person_13694
13695,Person_13695
13696,Person_13696
13697,Person_13697
13698,Person_13698
13699,Person_13699
13700,Person_13700
13701,Person_13701
13702,Person_13702
13703,Person_13703
13704,Person_13704
13705,Person_13705
13706,Person_13706
13707,Person_13707
13708,Person_13708
13709,Person_13709
13710,Person_13710
13711,Person_13711
13712,Person_13712
13713,Person_13713
13714,Person_13714
13715,Person_13715
13716,Person_13716
13717,Person_13717
13718,Person_13718
13719,Person_13719
13720,Person_13720
13721,Person_13721
13722,Person_13722
13723,Person_13723
13724,Person_13724
13725,Person_13725
13726,Person_13726
13727,Person_13727
13728,Person_13728
13729,Person_13729
13730,Person_13730
13731,Person_13731
13732,Person_13732
13733,Person_13733
13734,Person_13734
13735,Person_13735
13736,Person_13736
13737,Person_13737
13738,Person_13738
13739,Person_13739
13740,Person_13740
13741,Person_13741
13742,Person_13742
13743,Person_13743
13744,Person_13744
13745,Person_13745
13746,Person_13746
13747,Person_13747
13748,Person_13748
13749,Person_13749
13750,Person_13750
13751,Person_13751
13752,Person_13752
13753,Person_13753
13754,Person_13754
13755,Person_13755
13756,Person_13756
13757,Person_13757
13758,Person_13758
13759,Person_13759
13760,Person_13760
13761,Person_13761
13762,Person_13762
13763,Person_13763
13764,Person_13764
13765,Person_13765
13766,Person_13766
13767,Person_13767
13768,Person_13768
13769,Person_13769
13770,Person_13770
13771,Person_13771
13772,Person_13772
13773,Person_13773
13774,Person_13774
13775,Person_13775
13776,Person_13776
13777,Person_13777
13778,Person_13778
13779,Person_13779
13780,Person_13780
13781,Person_13781
13782,Person_13782
13783,Person_13783
13784,Person_13784
13785,Person_13785
13786,Person_13786
13787,Person_13787
13788,Person_13788
13789,Person_13789
13790,Person_13790
13791,Person_13791
13792,Person_13792
13793,Person_13793
13794,Person_13794
13795,Person_13795
13796,Person_13796
13797,Person_13797
13798,Person_13798
13799,Person_13799
13800,Person_13800
13801,Person_13801
13802,Person_13802
13803,Person_13803
13804,Person_13804
13805,Person_13805
13806,Person_13806
13807,Person_13807
13808,Person_13808
13809,Person_13809
13810,Person_13810
13811,Person_13811
13812,Person_13812
13813,Person_13813
13814,Person_13814
13815,Person_13815
13816,Person_13816
13817,Person_13817
13818,Person_13818
13819,Person_13819
13820,Person_13820
13821,Person_13821
13822,Person_13822
13823,Person_13823
13824,Person_13824
13825,Person_13825
13826,Person_13826
13827,Person_13827
13828,Person_13828
13829,Person_13829
13830,Person_13830
13831,Person_13831
13832,Person_13832
13833,Person_13833
13834,Person_13834
13835,Person_13835
13836,Person_13836
13837,Person_13837
13838,Person_13838
13839,Person_13839
13840,Person_13840
13841,Person_13841
13842,Person_13842
13843,Person_13843
13844,Person_13844
13845,Person_13845
13846,Person_13846
13847,Person_13847
13848,Person_13848
13849,Person_13849
13850,Person_13850
13851,Person_13851
13852,Person_13852
13853,Person_13853
13854,Person_13854
13855,Person_13855
13856,Person_13856
13857,Person_13857
13858,Person_13858
13859,Person_13859
13860,Person_13860
13861,Person_13861
13862,Person_13862
13863,Person_13863
13864,Person_13864
13865,Person_13865
13866,Person_13866
13867,Person_13867
13868,Person_13868
13869,Person_13869
13870,Person_13870
13871,Person_13871
13872,Person_13872
13873,Person_13873
13874,Person_13874
13875,Person_13875
13876,Person_13876
13877,Person_13877
13878,Person_13878
13879,Person_13879
13880,Person_13880
13881,Person_13881
13882,Person_13882
13883,Person_13883
13884,Person_13884
13885,Person_13885
13886,Person_13886
13887,Person_13887
13888,Person_13888
13889,Person_13889
13890,Person_13890
13891,Person_13891
13892,Person_13892
13893,Person_13893
13894,Person_13894
13895,Person_13895
13896,Person_13896
13897,Person_13897
13898,Person_13898
13899,Person_13899
13900,Person_13900
13901,Person_13901
13902,Person_13902
13903,Person_13903
13904,Person_13904
13905,Person_13905
13906,Person_13906
13907,Person_13907
13908,Person_13908
13909,Person_13909
13910,Person_13910
13911,Person_13911
13912,Person_13912
13913,Person_13913
13914,Person_13914
13915,Person_13915
13916,Person_13916
13917,Person_13917
13918,Person_13918
13919,Person_13919
13920,Person_13920
13921,Person_13921
13922,Person_13922
13923,Person_13923
13924,Person_13924
13925,Person_13925
13926,Person_13926
13927,Person_13927
13928,Person_13928
13929,Person_13929
13930,Person_13930
13931,Person_13931
13932,Person_13932
13933,Person_13933
13934,Person_13934
13935,Person_13935
13936,Person_13936
13937,Person_13937
13938,Person_13938
13939,Person_13939
13940,Person_13940
13941,Person_13941
13942,Person_13942
13943,Person_13943
13944,Person_13944
13945,Person_13945
13946,Person_13946
13947,Person_13947
13948,Person_13948
13949,Person_13949
13950,Person_13950
13951,Person_13951
13952,Person_13952
13953,Person_13953
13954,Person_13954
13955,Person_13955
13956,Person_13956
13957,Person_13957
13958,Person_13958
13959,Person_13959
13960,Person_13960
13961,Person_13961
13962,Person_13962
13963,Person_13963
13964,Person_13964
13965,Person_13965
13966,Person_13966
13967,Person_13967
13968,Person_13968
13969,Person_13969
13970,Person_13970
13971,Person_13971
13972,Person_13972
13973,Person_13973
13974,Person_13974
13975,Person_13975
13976,Person_13976
13977,Person_13977
13978,Person_13978
13979,Person_13979
13980,Person_13980
13981,Person_13981
13982,Person_13982
13983,Person_13983
13984,Person_13984
13985,Person_13985
13986,Person_13986
13987,Person_13987
13988,Person_13988
13989,Person_13989
13990,Person_13990
13991,Person_13991
13992,Person_13992
13993,Person_13993
13994,Person_13994
13995,Person_13995
13996,Person_13996
13997,Person_13997
13998,Person_13998
13999,Person_13999
14000,Person_14000
14001,Person_14001
14002,Person_14002
14003,Person_14003
14004,Person_14004
14005,Person_14005
14006,Person_14006
14007,Person_14007
14008,Person_14008
14009,Person_14009
14010,Person_14010
14011,Person_14011
14012,Person_14012
14013,Person_14013
14014,Person_14014
14015,Person_14015
14016,Person_14016
14017,Person_14017
14018,Person_14018
14019,Person_14019
14020,Person_14020
14021,Person_14021
14022,Person_14022
14023,Person_14023
14024,Person_14024
14025,Person_14025
14026,Person_14026
14027,Person_14027
14028,Person_14028
14029,Person_14029
14030,Person_14030
14031,Person_14031
14032,Person_14032
14033,Person_14033
14034,Person_14034
14035,Person_14035
14036,Person_14036
14037,Person_14037
14038,Person_14038
14039,Person_14039
14040,Person_14040
14041,Person_14041
14042,Person_14042
14043,Person_14043
14044,Person_14044
14045,Person_14045
14046,Person_14046
14047,Person_14047
14048,Person_14048
14049,Person_14049
14050,Person_14050
14051,Person_14051
14052,Person_14052
14053,Person_14053
14054,Person_14054
14055,Person_14055
14056,Person_14056
14057,Person_14057
14058,Person_14058
14059,Person_14059
14060,Person_14060
14061,Person_14061
14062,Person_14062
14063,Person_14063
14064,Person_14064
14065,Person_14065
14066,Person_14066
14067,Person_14067
14068,Person_14068
14069,Person_14069
14070,Person_14070
14071,Person_14071
14072,Person_14072
14073,Person_14073
14074,Person_14074
14075,Person_14075
14076,Person_14076
14077,Person_14077
14078,Person_14078
14079,Person_14079
14080,Person_14080
14081,Person_14081
14082,Person_14082
14083,Person_14083
14084,Person_14084
14085,Person_14085
14086,Person_14086
14087,Person_14087
14088,Person_14088
14089,Person_14089
14090,Person_14090
14091,Person_14091
14092,Person_14092
14093,Person_14093
14094,Person_14094
14095,Person_14095
14096,Person_14096
14097,Person_14097
14098,Person_14098
14099,Person_14099
14100,Person_14100
14101,Person_14101
14102,Person_14102
14103,Person_14103
14104,Person_14104
14105,Person_14105
14106,Person_14106
14107,Person_14107
14108,Person_14108
14109,Person_14109
14110,Person_14110
14111,Person_14111
14112,Person_14112
14113,Person_14113
14114,Person_14114
14115,Person_14115
14116,Person_14116
14117,Person_14117
14118,Person_14118
14119,Person_14119
14120,Person_14120
14121,Person_14121
14122,Person_14122
14123,Person_14123
14124,Person_14124
14125,Person_14125
14126,Person_14126
14127,Person_14127
14128,Person_14128
14129,Person_14129
14130,Person_14130
14131,Person_14131
14132,Person_14132
14133,Person_14133
14134,Person_14134
14135,Person_14135
14136,Person_14136
14137,Person_14137
14138,Person_14138
14139,Person_14139
14140,Person_14140
14141,Person_14141
14142,Person_14142
14143,Person_14143
14144,Person_14144
14145,Person_14145
14146,Person_14146
14147,Person_14147
14148,Person_14148
14149,Person_14149
14150,Person_14150
14151,Person_14151
14152,Person_14152
14153,Person_14153
14154,Person_14154
14155,Person_14155
14156,Person_14156
14157,Person_14157
14158,Person_14158
14159,Person_14159
14160,Person_14160
14161,Person_14161
14162,Person_14162
14163,Person_14163
14164,Person_14164
14165,Person_14165
14166,Person_14166
14167,Person_14167
14168,Person_14168
14169,Person_14169
14170,Person_14170
14171,Person_14171
14172,Person_14172
14173,Person_14173
14174,Person_14174
14175,Person_14175
14176,Person_14176
14177,Person_14177
14178,Person_14178
14179,Person_14179
14180,Person_14180
14181,Person_14181
14182,Person_14182
14183,Person_14183
14184,Person_14184
14185,Person_14185
14186,Person_14186
14187,Person_14187
14188,Person_14188
14189,Person_14189
14190,Person_14190
14191,Person_14191
14192,Person_14192
14193,Person_14193
14194,Person_14194
14195,Person_14195
14196,Person_14196
14197,Person_14197
14198,Person_14198
14199,Person_14199
14200,Person_14200
14201,Person_14201
14202,Person_14202
14203,Person_14203
14204,Person_14204
14205,Person_14205
14206,Person_14206
14207,Person_14207
14208,Person_14208
14209,Person_14209
14210,Person_14210
14211,Person_14211
14212,Person_14212
14213,Person_14213
14214,Person_14214
14215,Person_14215
14216,Person_14216
14217,Person_14217
14218,Person_14218
14219,Person_14219
14220,Person_14220
14221,Person_14221
14222,Person_14222
14223,Person_14223
14224,Person_14224
14225,Person_14225
14226,Person_14226
14227,Person_14227
14228,Person_14228
14229,Person_14229
14230,Person_14230
14231,Person_14231
14232,Person_14232
14233,Person_14233
14234,Person_14234
14235,Person_14235
14236,Person_14236
14237,Person_14237
14238,Person_14238
14239,Person_14239
14240,Person_14240
14241,Person_14241
14242,Person_14242
14243,Person_14243
14244,Person_14244
14245,Person_14245
14246,Person_14246
14247,Person_14247
14248,Person_14248
14249,Person_14249
14250,Person_14250
14251,Person_14251
14252,Person_14252
14253,Person_14253
14254,Person_14254
14255,Person_14255
14256,Person_14256
14257,Person_14257
14258,Person_14258
14259,Person_14259
14260,Person_14260
14261,Person_14261
14262,Person_14262
14263,Person_14263
14264,Person_14264
14265,Person_14265
14266,Person_14266
14267,Person_14267
14268,Person_14268
14269,Person_14269
14270,Person_14270
14271,Person_14271
14272,Person_14272
14273,Person_14273
14274,Person_14274
14275,Person_14275
14276,Person_14276
14277,Person_14277
14278,Person_14278
14279,Person_14279
14280,Person_14280
14281,Person_14281
14282,Person_14282
14283,Person_14283
14284,Person_14284
14285,Person_14285
14286,Person_14286
14287,Person_14287
14288,Person_14288
14289,Person_14289
14290,Person_14290
14291,Person_14291
14292,Person_14292
14293,Person_14293
14294,Person_14294
14295,Person_14295
14296,Person_14296
14297,Person_14297
14298,Person_14298
14299,Person_14299
14300,Person_14300
14301,Person_14301
14302,Person_14302
14303,Person_14303
14304,Person_14304
14305,Person_14305
14306,Person_14306
14307,Person_14307
14308,Person_14308
14309,Person_14309
14310,Person_14310
14311,Person_14311
14312,Person_14312
14313,Person_14313
14314,Person_14314
14315,Person_14315
14316,Person_14316
14317,Person_14317
14318,Person_14318
14319,Person_14319
14320,Person_14320
14321,Person_14321
14322,Person_14322
14323,Person_14323
14324,Person_14324
14325,Person_14325
14326,Person_14326
14327,Person_14327
14328,Person_14328
14329,Person_14329
14330,Person_14330
14331,Person_14331
14332,Person_14332
14333,Person_14333
14334,Person_14334
14335,Person_14335
14336,Person_14336
14337,Person_14337
14338,Person_14338
14339,Person_14339
14340,Person_14340
14341,Person_14341
14342,Person_14342
14343,Person_14343
14344,Person_14344
14345,Person_14345
14346,Person_14346
14347,Person_14347
14348,Person_14348
14349,Person_14349
14350,Person_14350
14351,Person_14351
14352,Person_14352
14353,Person_14353
14354,Person_14354
14355,Person_14355
14356,Person_14356
14357,Person_14357
14358,Person_14358
14359,Person_14359
14360,Person_14360
14361,Person_14361
14362,Person_14362
14363,Person_14363
14364,Person_14364
14365,Person_14365
14366,Person_14366
14367,Person_14367
14368,Person_14368
14369,Person_14369
14370,Person_14370
14371,Person_14371
14372,Person_14372
14373,Person_14373
14374,Person_14374
14375,Person_14375
14376,Person_14376
14377,Person_14377
14378,Person_14378
14379,Person_14379
14380,Person_14380
14381,Person_14381
14382,Person_14382
14383,Person_14383
14384,Person_14384
14385,Person_14385
14386,Person_14386
14387,Person_14387
14388,Person_14388
14389,Person_14389
14390,Person_14390
14391,Person_14391
14392,Person_14392
14393,Person_14393
14394,Person_14394
14395,Person_14395
14396,Person_14396
14397,Person_14397
14398,Person_14398
14399,Person_14399
14400,Person_14400
14401,Person_14401
14402,Person_14402
14403,Person_14403
14404,Person_14404
14405,Person_14405
14406,Person_14406
14407,Person_14407
14408,Person_14408
14409,Person_14409
14410,Person_14410
14411,Person_14411
14412,Person_14412
14413,Person_14413
14414,Person_14414
14415,Person_14415
14416,Person_14416
14417,Person_14417
14418,Person_14418
14419,Person_14419
14420,Person_14420
14421,Person_14421
14422,Person_14422
14423,Person_14423
14424,Person_14424
14425,Person_14425
14426,Person_14426
14427,Person_14427
14428,Person_14428
14429,Person_14429
14430,Person_14430
14431,Person_14431
14432,Person_14432
14433,Person_14433
14434,Person_14434
14435,Person_14435
14436,Person_14436
14437,Person_14437
14438,Person_14438
14439,Person_14439
14440,Person_14440
14441,Person_14441
14442,Person_14442
14443,Person_14443
14444,Person_14444
14445,Person_14445
14446,Person_14446
14447,Person_14447
14448,Person_14448
14449,Person_14449
14450,Person_14450
14451,Person_14451
14452,Person_14452
14453,Person_14453
14454,Person_14454
14455,Person_14455
14456,Person_14456
14457,Person_14457
14458,Person_14458
14459,Person_14459
14460,Person_14460
14461,Person_14461
14462,Person_14462
14463,Person_14463
14464,Person_14464
14465,Person_14465
14466,Person_14466
14467,Person_14467
14468,Person_14468
14469,Person_14469
14470,Person_14470
14471,Person_14471
14472,Person_14472
14473,Person_14473
14474,Person_14474
14475,Person_14475
14476,Person_14476
14477,Person_14477
14478,Person_14478
14479,Person_14479
14480,Person_14480
14481,Person_14481
14482,Person_14482
14483,Person_14483
14484,Person_14484
14485,Person_14485
14486,Person_14486
14487,Person_14487
14488,Person_14488
14489,Person_14489
14490,Person_14490
14491,Person_14491
14492,Person_14492
14493,Person_14493
14494,Person_14494
14495,Person_14495
14496,Person_14496
14497,Person_14497
14498,Person_14498
14499,Person_14499
14500,Person_14500
14501,Person_14501
14502,Person_14502
14503,Person_14503
14504,Person_14504
14505,Person_14505
14506,Person_14506
14507,Person_14507
14508,Person_14508
14509,Person_14509
14510,Person_14510
14511,Person_14511
14512,Person_14512
14513,Person_14513
14514,Person_14514
14515,Person_14515
14516,Person_14516
14517,Person_14517
14518,Person_14518
14519,Person_14519
14520,Person_14520
14521,Person_14521
14522,Person_14522
14523,Person_14523
14524,Person_14524
14525,Person_14525
14526,Person_14526
14527,Person_14527
14528,Person_14528
14529,Person_14529
14530,Person_14530
14531,Person_14531
14532,Person_14532
14533,Person_14533
14534,Person_14534
14535,Person_14535
14536,Person_14536
14537,Person_14537
14538,Person_14538
14539,Person_14539
14540,Person_14540
14541,Person_14541
14542,Person_14542
14543,Person_14543
14544,Person_14544
14545,Person_14545
14546,Person_14546
14547,Person_14547
14548,Person_14548
14549,Person_14549
14550,Person_14550
14551,Person_14551
14552,Person_14552
14553,Person_14553
14554,Person_14554
14555,Person_14555
14556,Person_14556
14557,Person_14557
14558,Person_14558
14559,Person_14559
14560,Person_14560
14561,Person_14561
14562,Person_14562
14563,Person_14563
14564,Person_14564
14565,Person_14565
14566,Person_14566
14567,Person_14567
14568,Person_14568
14569,Person_14569
14570,Person_14570
14571,Person_14571
14572,Person_14572
14573,Person_14573
14574,Person_14574
14575,Person_14575
14576,Person_14576
14577,Person_14577
14578,Person_14578
14579,Person_14579
14580,Person_14580
14581,Person_14581
14582,Person_14582
14583,Person_14583
14584,Person_14584
14585,Person_14585
14586,Person_14586
14587,Person_14587
14588,Person_14588
14589,Person_14589
14590,Person_14590
14591,Person_14591
14592,Person_14592
14593,Person_14593
14594,Person_14594
14595,Person_14595
14596,Person_14596
14597,Person_14597
14598,Person_14598
14599,Person_14599
14600,Person_14600
14601,Person_14601
14602,Person_14602
14603,Person_14603
14604,Person_14604
14605,Person_14605
14606,Person_14606
14607,Person_14607
14608,Person_14608
14609,Person_14609
14610,Person_14610
14611,Person_14611
14612,Person_14612
14613,Person_14613
14614,Person_14614
14615,Person_14615
14616,Person_14616
14617,Person_14617
14618,Person_14618
14619,Person_14619
14620,Person_14620
14621,Person_14621
14622,Person_14622
14623,Person_14623
14624,Person_14624
14625,Person_14625
14626,Person_14626
14627,Person_14627
14628,Person_14628
14629,Person_14629
14630,Person_14630
14631,Person_14631
14632,Person_14632
14633,Person_14633
14634,Person_14634
14635,Person_14635
14636,Person_14636
14637,Person_14637
14638,Person_14638
14639,Person_14639
14640,Person_14640
14641,Person_14641
14642,Person_14642
14643,Person_14643
14644,Person_14644
14645,Person_14645
14646,Person_14646
14647,Person_14647
14648,Person_14648
14649,Person_14649
14650,Person_14650
14651,Person_14651
14652,Person_14652
14653,Person_14653
14654,Person_14654
14655,Person_14655
14656,Person_14656
14657,Person_14657
14658,Person_14658
14659,Person_14659
14660,Person_14660
14661,Person_14661
14662,Person_14662
14663,Person_14663
14664,Person_14664
14665,Person_14665
14666,Person_14666
14667,Person_14667
14668,Person_14668
14669,Person_14669
14670,Person_14670
14671,Person_14671
14672,Person_14672
14673,Person_14673
14674,Person_14674
14675,Person_14675
14676,Person_14676
14677,Person_14677
14678,Person_14678
14679,Person_14679
14680,Person_14680
14681,Person_14681
14682,Person_14682
14683,Person_14683
14684,Person_14684
14685,Person_14685
14686,Person_14686
14687,Person_14687
14688,Person_14688
14689,Person_14689
14690,Person_14690
14691,Person_14691
14692,Person_14692
14693,Person_14693
14694,Person_14694
14695,Person_14695
14696,Person_14696
14697,Person_14697
14698,Person_14698
14699,Person_14699
14700,Person_14700
14701,Person_14701
14702,Person_14702
14703,Person_14703
14704,Person_14704
14705,Person_14705
14706,Person_14706
14707,Person_14707
14708,Person_14708
14709,Person_14709
14710,Person_14710
14711,Person_14711
14712,Person_14712
14713,Person_14713
14714,Person_14714
14715,Person_14715
14716,Person_14716
14717,Person_14717
14718,Person_14718
14719,Person_14719
14720,Person_14720
14721,Person_14721
14722,Person_14722
14723,Person_14723
14724,Person_14724
14725,Person_14725
14726,Person_14726
14727,Person_14727
14728,Person_14728
14729,Person_14729
14730,Person_14730
14731,Person_14731
14732,Person_14732
14733,Person_14733
14734,Person_14734
14735,Person_14735
14736,Person_14736
14737,Person_14737
14738,Person_14738
14739,Person_14739
14740,Person_14740
14741,Person_14741
14742,Person_14742
14743,Person_14743
14744,Person_14744
14745,Person_14745
14746,Person_14746
14747,Person_14747
14748,Person_14748
14749,Person_14749
14750,Person_14750
14751,Person_14751
14752,Person_14752
14753,Person_14753
14754,Person_14754
14755,Person_14755
14756,Person_14756
14757,Person_14757
14758,Person_14758
14759,Person_14759
14760,Person_14760
14761,Person_14761
14762,Person_14762
14763,Person_14763
14764,Person_14764
14765,Person_14765
14766,Person_14766
14767,Person_14767
14768,Person_14768
14769,Person_14769
14770,Person_14770
14771,Person_14771
14772,Person_14772
14773,Person_14773
14774,Person_14774
14775,Person_14775
14776,Person_14776
14777,Person_14777
14778,Person_14778
14779,Person_14779
14780,Person_14780
14781,Person_14781
14782,Person_14782
14783,Person_14783
14784,Person_14784
14785,Person_14785
14786,Person_14786
14787,Person_14787
14788,Person_14788
14789,Person_14789
14790,Person_14790
14791,Person_14791
14792,Person_14792
14793,Person_14793
14794,Person_14794
14795,Person_14795
14796,Person_14796
14797,Person_14797
14798,Person_14798
14799,Person_14799
14800,Person_14800
14801,Person_14801
14802,Person_14802
14803,Person_14803
14804,Person_14804
14805,Person_14805
14806,Person_14806
14807,Person_14807
14808,Person_14808
14809,Person_14809
14810,Person_14810
14811,Person_14811
14812,Person_14812
14813,Person_14813
14814,Person_14814
14815,Person_14815
14816,Person_14816
14817,Person_14817
14818,Person_14818
14819,Person_14819
14820,Person_14820
14821,Person_14821
14822,Person_14822
14823,Person_14823
14824,Person_14824
14825,Person_14825
14826,Person_14826
14827,Person_14827
14828,Person_14828
14829,Person_14829
14830,Person_14830
14831,Person_14831
14832,Person_14832
14833,Person_14833
14834,Person_14834
14835,Person_14835
14836,Person_14836
14837,Person_14837
14838,Person_14838
14839,Person_14839
14840,Person_14840
14841,Person_14841
14842,Person_14842
14843,Person_14843
14844,Person_14844
14845,Person_14845
14846,Person_14846
14847,Person_14847
14848,Person_14848
14849,Person_14849
14850,Person_14850
14851,Person_14851
14852,Person_14852
14853,Person_14853
14854,Person_14854
14855,Person_14855
14856,Person_14856
14857,Person_14857
14858,Person_14858
14859,Person_14859
14860,Person_14860
14861,Person_14861
14862,Person_14862
14863,Person_14863
14864,Person_14864
14865,Person_14865
14866,Person_14866
14867,Person_14867
14868,Person_14868
14869,Person_14869
14870,Person_14870
14871,Person_14871
14872,Person_14872
14873,Person_14873
14874,Person_14874
14875,Person_14875
14876,Person_14876
14877,Person_14877
14878,Person_14878
14879,Person_14879
14880,Person_14880
14881,Person_14881
14882,Person_14882
14883,Person_14883
14884,Person_14884
14885,Person_14885
14886,Person_14886
14887,Person_14887
14888,Person_14888
14889,Person_14889
14890,Person_14890
14891,Person_14891
14892,Person_14892
14893,Person_14893
14894,Person_14894
14895,Person_14895
14896,Person_14896
14897,Person_14897
14898,Person_14898
14899,Person_14899
14900,Person_14900
14901,Person_14901
14902,Person_14902
14903,Person_14903
14904,Person_14904
14905,Person_14905
14906,Person_14906
14907,Person_14907
14908,Person_14908
14909,Person_14909
14910,Person_14910
14911,Person_14911
14912,Person_14912
14913,Person_14913
14914,Person_14914
14915,Person_14915
14916,Person_14916
14917,Person_14917
14918,Person_14918
14919,Person_14919
14920,Person_14920
14921,Person_14921
14922,Person_14922
14923,Person_14923
14924,Person_14924
14925,Person_14925
14926,Person_14926
14927,Person_14927
14928,Person_14928
14929,Person_14929
14930,Person_14930
14931,Person_14931
14932,Person_14932
14933,Person_14933
14934,Person_14934
14935,Person_14935
14936,Person_14936
14937,Person_14937
14938,Person_14938
14939,Person_14939
14940,Person_14940
14941,Person_14941
14942,Person_14942
14943,Person_14943
14944,Person_14944
14945,Person_14945
14946,Person_14946
14947,Person_14947
14948,Person_14948
14949,Person_14949
14950,Person_14950
14951,Person_14951
14952,Person_14952
14953,Person_14953
14954,Person_14954
14955,Person_14955
14956,Person_14956
14957,Person_14957
14958,Person_14958
14959,Person_14959
14960,Person_14960
14961,Person_14961
14962,Person_14962
14963,Person_14963
14964,Person_14964
14965,Person_14965
14966,Person_14966
14967,Person_14967
14968,Person_14968
14969,Person_14969
14970,Person_14970
14971,Person_14971
14972,Person_14972
14973,Person_14973
14974,Person_14974
14975,Person_14975
14976,Person_14976
14977,Person_14977
14978,Person_14978
14979,Person_14979
14980,Person_14980
14981,Person_14981
14982,Person_14982
14983,Person_14983
14984,Person_14984
14985,Person_14985
14986,Person_14986
14987,Person_14987
14988,Person_14988
14989,Person_14989
14990,Person_14990
14991,Person_14991
14992,Person_14992
14993,Person_14993
14994,Person_14994
14995,Person_14995
14996,Person_14996
14997,Person_14997
14998,Person_14998
14999,Person_14999
15000,Person_15000
15001,Person_15001
15002,Person_15002
15003,Person_15003
15004,Person_15004
15005,Person_15005
15006,Person_15006
15007,Person_15007
15008,Person_15008
15009,Person_15009
15010,Person_15010
15011,Person_15011
15012,Person_15012
15013,Person_15013
15014,Person_15014
15015,Person_15015
15016,Person_15016
15017,Person_15017
15018,Person_15018
15019,Person_15019
15020,Person_15020
15021,Person_15021
15022,Person_15022
15023,Person_15023
15024,Person_15024
15025,Person_15025
15026,Person_15026
15027,Person_15027
15028,Person_15028
15029,Person_15029
15030,Person_15030
15031,Person_15031
15032,Person_15032
15033,Person_15033
15034,Person_15034
15035,Person_15035
15036,Person_15036
15037,Person_15037
15038,Person_15038
15039,Person_15039
15040,Person_15040
15041,Person_15041
15042,Person_15042
15043,Person_15043
15044,Person_15044
15045,Person_15045
15046,Person_15046
15047,Person_15047
15048,Person_15048
15049,Person_15049
15050,Person_15050
15051,Person_15051
15052,Person_15052
15053,Person_15053
15054,Person_15054
15055,Person_15055
15056,Person_15056
15057,Person_15057
15058,Person_15058
15059,Person_15059
15060,Person_15060
15061,Person_15061
15062,Person_15062
15063,Person_15063
15064,Person_15064
15065,Person_15065
15066,Person_15066
15067,Person_15067
15068,Person_15068
15069,Person_15069
15070,Person_15070
15071,Person_15071
15072,Person_15072
15073,Person_15073
15074,Person_15074
15075,Person_15075
15076,Person_15076
15077,Person_15077
15078,Person_15078
15079,Person_15079
15080,Person_15080
15081,Person_15081
15082,Person_15082
15083,Person_15083
15084,Person_15084
15085,Person_15085
15086,Person_15086
15087,Person_15087
15088,Person_15088
15089,Person_15089
15090,Person_15090
15091,Person_15091
15092,Person_15092
15093,Person_15093
15094,Person_15094
15095,Person_15095
15096,Person_15096
15097,Person_15097
15098,Person_15098
15099,Person_15099
15100,Person_15100
15101,Person_15101
15102,Person_15102
15103,Person_15103
15104,Person_15104
15105,Person_15105
15106,Person_15106
15107,Person_15107
15108,Person_15108
15109,Person_15109
15110,Person_15110
15111,Person_15111
15112,Person_15112
15113,Person_15113
15114,Person_15114
15115,Person_15115
15116,Person_15116
15117,Person_15117
15118,Person_15118
15119,Person_15119
15120,Person_15120
15121,Person_15121
15122,Person_15122
15123,Person_15123
15124,Person_15124
15125,Person_15125
15126,Person_15126
15127,Person_15127
15128,Person_15128
15129,Person_15129
15130,Person_15130
15131,Person_15131
15132,Person_15132
15133,Person_15133
15134,Person_15134
15135,Person_15135
15136,Person_15136
15137,Person_15137
15138,Person_15138
15139,Person_15139
15140,Person_15140
15141,Person_15141
15142,Person_15142
15143,Person_15143
15144,Person_15144
15145,Person_15145
15146,Person_15146
15147,Person_15147
15148,Person_15148
15149,Person_15149
15150,Person_15150
15151,Person_15151
15152,Person_15152
15153,Person_15153
15154,Person_15154
15155,Person_15155
15156,Person_15156
15157,Person_15157
15158,Person_15158
15159,Person_15159
15160,Person_15160
15161,Person_15161
15162,Person_15162
15163,Person_15163
15164,Person_15164
15165,Person_15165
15166,Person_15166
15167,Person_15167
15168,Person_15168
15169,Person_15169
15170,Person_15170
15171,Person_15171
15172,Person_15172
15173,Person_15173
15174,Person_15174
15175,Person_15175
15176,Person_15176
15177,Person_15177
15178,Person_15178
15179,Person_15179
15180,Person_15180
15181,Person_15181
15182,Person_15182
15183,Person_15183
15184,Person_15184
15185,Person_15185
15186,Person_15186
15187,Person_15187
15188,Person_15188
15189,Person_15189
15190,Person_15190
15191,Person_15191
15192,Person_15192
15193,Person_15193
15194,Person_15194
15195,Person_15195
15196,Person_15196
15197,Person_15197
15198,Person_15198
15199,Person_15199
15200,Person_15200
15201,Person_15201
15202,Person_15202
15203,Person_15203
15204,Person_15204
15205,Person_15205
15206,Person_15206
15207,Person_15207
15208,Person_15208
15209,Person_15209
15210,Person_15210
15211,Person_15211
15212,Person_15212
15213,Person_15213
15214,Person_15214
15215,Person_15215
15216,Person_15216
15217,Person_15217
15218,Person_15218
15219,Person_15219
15220,Person_15220
15221,Person_15221
15222,Person_15222
15223,Person_15223
15224,Person_15224
15225,Person_15225
15226,Person_15226
15227,Person_15227
15228,Person_15228
15229,Person_15229
15230,Person_15230
15231,Person_15231
15232,Person_15232
15233,Person_15233
15234,Person_15234
15235,Person_15235
15236,Person_15236
15237,Person_15237
15238,Person_15238
15239,Person_15239
15240,Person_15240
15241,Person_15241
15242,Person_15242
15243,Person_15243
15244,Person_15244
15245,Person_15245
15246,Person_15246
15247,Person_15247
15248,Person_15248
15249,Person_15249
15250,Person_15250
15251,Person_15251
15252,Person_15252
15253,Person_15253
15254,Person_15254
15255,Person_15255
15256,Person_15256
15257,Person_15257
15258,Person_15258
15259,Person_15259
15260,Person_15260
15261,Person_15261
15262,Person_15262
15263,Person_15263
15264,Person_15264
15265,Person_15265
15266,Person_15266
15267,Person_15267
15268,Person_15268
15269,Person_15269
15270,Person_15270
15271,Person_15271
15272,Person_15272
15273,Person_15273
15274,Person_15274
15275,Person_15275
15276,Person_15276
15277,Person_15277
15278,Person_15278
15279,Person_15279
15280,Person_15280
15281,Person_15281
15282,Person_15282
15283,Person_15283
15284,Person_15284
15285,Person_15285
15286,Person_15286
15287,Person_15287
15288,Person_15288
15289,Person_15289
15290,Person_15290
15291,Person_15291
15292,Person_15292
15293,Person_15293
15294,Person_15294
15295,Person_15295
15296,Person_15296
15297,Person_15297
15298,Person_15298
15299,Person_15299
15300,Person_15300
15301,Person_15301
15302,Person_15302
15303,Person_15303
15304,Person_15304
15305,Person_15305
15306,Person_15306
15307,Person_15307
15308,Person_15308
15309,Person_15309
15310,Person_15310
15311,Person_15311
15312,Person_15312
15313,Person_15313
15314,Person_15314
15315,Person_15315
15316,Person_15316
15317,Person_15317
15318,Person_15318
15319,Person_15319
15320,Person_15320
15321,Person_15321
15322,Person_15322
15323,Person_15323
15324,Person_15324
15325,Person_15325
15326,Person_15326
15327,Person_15327
15328,Person_15328
15329,Person_15329
15330,Person_15330
15331,Person_15331
15332,Person_15332
15333,Person_15333
15334,Person_15334
15335,Person_15335
15336,Person_15336
15337,Person_15337
15338,Person_15338
15339,Person_15339
15340,Person_15340
15341,Person_15341
15342,Person_15342
15343,Person_15343
15344,Person_15344
15345,Person_15345
15346,Person_15346
15347,Person_15347
15348,Person_15348
15349,Person_15349
15350,Person_15350
15351,Person_15351
15352,Person_15352
15353,Person_15353
15354,Person_15354
15355,Person_15355
15356,Person_15356
15357,Person_15357
15358,Person_15358
15359,Person_15359
15360,Person_15360
15361,Person_15361
15362,Person_15362
15363,Person_15363
15364,Person_15364
15365,Person_15365
15366,Person_15366
15367,Person_15367
15368,Person_15368
15369,Person_15369
15370,Person_15370
15371,Person_15371
15372,Person_15372
15373,Person_15373
15374,Person_15374
15375,Person_15375
15376,Person_15376
15377,Person_15377
15378,Person_15378
15379,Person_15379
15380,Person_15380
15381,Person_15381
15382,Person_15382
15383,Person_15383
15384,Person_15384
15385,Person_15385
15386,Person_15386
15387,Person_15387
15388,Person_15388
15389,Person_15389
15390,Person_15390
15391,Person_15391
15392,Person_15392
15393,Person_15393
15394,Person_15394
15395,Person_15395
15396,Person_15396
15397,Person_15397
15398,Person_15398
15399,Person_15399
15400,Person_15400
15401,Person_15401
15402,Person_15402
15403,Person_15403
15404,Person_15404
15405,Person_15405
15406,Person_15406
15407,Person_15407
15408,Person_15408
15409,Person_15409
15410,Person_15410
15411,Person_15411
15412,Person_15412
15413,Person_15413
15414,Person_15414
15415,Person_15415
15416,Person_15416
15417,Person_15417
15418,Person_15418
15419,Person_15419
15420,Person_15420
15421,Person_15421
15422,Person_15422
15423,Person_15423
15424,Person_15424
15425,Person_15425
15426,Person_15426
15427,Person_15427
15428,Person_15428
15429,Person_15429
15430,Person_15430
15431,Person_15431
15432,Person_15432
15433,Person_15433
15434,Person_15434
15435,Person_15435
15436,Person_15436
15437,Person_15437
15438,Person_15438
15439,Person_15439
15440,Person_15440
15441,Person_15441
15442,Person_15442
15443,Person_15443
15444,Person_15444
15445,Person_15445
15446,Person_15446
15447,Person_15447
15448,Person_15448
15449,Person_15449
15450,Person_15450
15451,Person_15451
15452,Person_15452
15453,Person_15453
15454,Person_15454
15455,Person_15455
15456,Person_15456
15457,Person_15457
15458,Person_15458
15459,Person_15459
15460,Person_15460
15461,Person_15461
15462,Person_15462
15463,Person_15463
15464,Person_15464
15465,Person_15465
15466,Person_15466
15467,Person_15467
15468,Person_15468
15469,Person_15469
15470,Person_15470
15471,Person_15471
15472,Person_15472
15473,Person_15473
15474,Person_15474
15475,Person_15475
15476,Person_15476
15477,Person_15477
15478,Person_15478
15479,Person_15479
15480,Person_15480
15481,Person_15481
15482,Person_15482
15483,Person_15483
15484,Person_15484
15485,Person_15485
15486,Person_15486
15487,Person_15487
15488,Person_15488
15489,Person_15489
15490,Person_15490
15491,Person_15491
15492,Person_15492
15493,Person_15493
15494,Person_15494
15495,Person_15495
15496,Person_15496
15497,Person_15497
15498,Person_15498
15499,Person_15499
15500,Person_15500
15501,Person_15501
15502,Person_15502
15503,Person_15503
15504,Person_15504
15505,Person_15505
15506,Person_15506
15507,Person_15507
15508,Person_15508
15509,Person_15509
15510,Person_15510
15511,Person_15511
15512,Person_15512
15513,Person_15513
15514,Person_15514
15515,Person_15515
15516,Person_15516
15517,Person_15517
15518,Person_15518
15519,Person_15519
15520,Person_15520
15521,Person_15521
15522,Person_15522
15523,Person_15523
15524,Person_15524
15525,Person_15525
15526,Person_15526
15527,Person_15527
15528,Person_15528
15529,Person_15529
15530,Person_15530
15531,Person_15531
15532,Person_15532
15533,Person_15533
15534,Person_15534
15535,Person_15535
15536,Person_15536
15537,Person_15537
15538,Person_15538
15539,Person_15539
15540,Person_15540
15541,Person_15541
15542,Person_15542
15543,Person_15543
15544,Person_15544
15545,Person_15545
15546,Person_15546
15547,Person_15547
15548,Person_15548
15549,Person_15549
15550,Person_15550
15551,Person_15551
15552,Person_15552
15553,Person_15553
15554,Person_15554
15555,Person_15555
15556,Person_15556
15557,Person_15557
15558,Person_15558
15559,Person_15559
15560,Person_15560
15561,Person_15561
15562,Person_15562
15563,Person_15563
15564,Person_15564
15565,Person_15565
15566,Person_15566
15567,Person_15567
15568,Person_15568
15569,Person_15569
15570,Person_15570
15571,Person_15571
15572,Person_15572
15573,Person_15573
15574,Person_15574
15575,Person_15575
15576,Person_15576
15577,Person_15577
15578,Person_15578
15579,Person_15579
15580,Person_15580
15581,Person_15581
15582,Person_15582
15583,Person_15583
15584,Person_15584
15585,Person_15585
15586,Person_15586
15587,Person_15587
15588,Person_15588
15589,Person_15589
15590,Person_15590
15591,Person_15591
15592,Person_15592
15593,Person_15593
15594,Person_15594
15595,Person_15595
15596,Person_15596
15597,Person_15597
15598,Person_15598
15599,Person_15599
15600,Person_15600
15601,Person_15601
15602,Person_15602
15603,Person_15603
15604,Person_15604
15605,Person_15605
15606,Person_15606
15607,Person_15607
15608,Person_15608
15609,Person_15609
15610,Person_15610
15611,Person_15611
15612,Person_15612
15613,Person_15613
15614,Person_15614
15615,Person_15615
15616,Person_15616
15617,Person_15617
15618,Person_15618
15619,Person_15619
15620,Person_15620
15621,Person_15621
15622,Person_15622
15623,Person_15623
15624,Person_15624
15625,Person_15625
15626,Person_15626
15627,Person_15627
15628,Person_15628
15629,Person_15629
15630,Person_15630
15631,Person_15631
15632,Person_15632
15633,Person_15633
15634,Person_15634
15635,Person_15635
15636,Person_15636
15637,Person_15637
15638,Person_15638
15639,Person_15639
15640,Person_15640
15641,Person_15641
15642,Person_15642
15643,Person_15643
15644,Person_15644
15645,Person_15645
15646,Person_15646
15647,Person_15647
15648,Person_15648
15649,Person_15649
15650,Person_15650
15651,Person_15651
15652,Person_15652
15653,Person_15653
15654,Person_15654
15655,Person_15655
15656,Person_15656
15657,Person_15657
15658,Person_15658
15659,Person_15659
15660,Person_15660
15661,Person_15661
15662,Person_15662
15663,Person_15663
15664,Person_15664
15665,Person_15665
15666,Person_15666
15667,Person_15667
15668,Person_15668
15669,Person_15669
15670,Person_15670
15671,Person_15671
15672,Person_15672
15673,Person_15673
15674,Person_15674
15675,Person_15675
15676,Person_15676
15677,Person_15677
15678,Person_15678
15679,Person_15679
15680,Person_15680
15681,Person_15681
15682,Person_15682
15683,Person_15683
15684,Person_15684
15685,Person_15685
15686,Person_15686
15687,Person_15687
15688,Person_15688
15689,Person_15689
15690,Person_15690
15691,Person_15691
15692,Person_15692
15693,Person_15693
15694,Person_15694
15695,Person_15695
15696,Person_15696
15697,Person_15697
15698,Person_15698
15699,Person_15699
15700,Person_15700
15701,Person_15701
15702,Person_15702
15703,Person_15703
15704,Person_15704
15705,Person_15705
15706,Person_15706
15707,Person_15707
15708,Person_15708
15709,Person_15709
15710,Person_15710
15711,Person_15711
15712,Person_15712
15713,Person_15713
15714,Person_15714
15715,Person_15715
15716,Person_15716
15717,Person_15717
15718,Person_15718
15719,Person_15719
15720,Person_15720
15721,Person_15721
15722,Person_15722
15723,Person_15723
15724,Person_15724
15725,Person_15725
15726,Person_15726
15727,Person_15727
15728,Person_15728
15729,Person_15729
15730,Person_15730
15731,Person_15731
15732,Person_15732
15733,Person_15733
15734,Person_15734
15735,Person_15735
15736,Person_15736
15737,Person_15737
15738,Person_15738
15739,Person_15739
15740,Person_15740
15741,Person_15741
15742,Person_15742
15743,Person_15743
15744,Person_15744
15745,Person_15745
15746,Person_15746
15747,Person_15747
15748,Person_15748
15749,Person_15749
15750,Person_15750
15751,Person_15751
15752,Person_15752
15753,Person_15753
15754,Person_15754
15755,Person_15755
15756,Person_15756
15757,Person_15757
15758,Person_15758
15759,Person_15759
15760,Person_15760
15761,Person_15761
15762,Person_15762
15763,Person_15763
15764,Person_15764
15765,Person_15765
15766,Person_15766
15767,Person_15767
15768,Person_15768
15769,Person_15769
15770,Person_15770
15771,Person_15771
15772,Person_15772
15773,Person_15773
15774,Person_15774
15775,Person_15775
15776,Person_15776
15777,Person_15777
15778,Person_15778
15779,Person_15779
15780,Person_15780
15781,Person_15781
15782,Person_15782
15783,Person_15783
15784,Person_15784
15785,Person_15785
15786,Person_15786
15787,Person_15787
15788,Person_15788
15789,Person_15789
15790,Person_15790
15791,Person_15791
15792,Person_15792
15793,Person_15793
15794,Person_15794
15795,Person_15795
15796,Person_15796
15797,Person_15797
15798,Person_15798
15799,Person_15799
15800,Person_15800
15801,Person_15801
15802,Person_15802
15803,Person_15803
15804,Person_15804
15805,Person_15805
15806,Person_15806
15807,Person_15807
15808,Person_15808
15809,Person_15809
15810,Person_15810
15811,Person_15811
15812,Person_15812
15813,Person_15813
15814,Person_15814
15815,Person_15815
15816,Person_15816
15817,Person_15817
15818,Person_15818
15819,Person_15819
15820,Person_15820
15821,Person_15821
15822,Person_15822
15823,Person_15823
15824,Person_15824
15825,Person_15825
15826,Person_15826
15827,Person_15827
15828,Person_15828
15829,Person_15829
15830,Person_15830
15831,Person_15831
15832,Person_15832
15833,Person_15833
15834,Person_15834
15835,Person_15835
15836,Person_15836
15837,Person_15837
15838,Person_15838
15839,Person_15839
15840,Person_15840
15841,Person_15841
15842,Person_15842
15843,Person_15843
15844,Person_15844
15845,Person_15845
15846,Person_15846
15847,Person_15847
15848,Person_15848
15849,Person_15849
15850,Person_15850
15851,Person_15851
15852,Person_15852
15853,Person_15853
15854,Person_15854
15855,Person_15855
15856,Person_15856
15857,Person_15857
15858,Person_15858
15859,Person_15859
15860,Person_15860
15861,Person_15861
15862,Person_15862
15863,Person_15863
15864,Person_15864
15865,Person_15865
15866,Person_15866
15867,Person_15867
15868,Person_15868
15869,Person_15869
15870,Person_15870
15871,Person_15871
15872,Person_15872
15873,Person_15873
15874,Person_15874
15875,Person_15875
15876,Person_15876
15877,Person_15877
15878,Person_15878
15879,Person_15879
15880,Person_15880
15881,Person_15881
15882,Person_15882
15883,Person_15883
15884,Person_15884
15885,Person_15885
15886,Person_15886
15887,Person_15887
15888,Person_15888
15889,Person_15889
15890,Person_15890
15891,Person_15891
15892,Person_15892
15893,Person_15893
15894,Person_15894
15895,Person_15895
15896,Person_15896
15897,Person_15897
15898,Person_15898
15899,Person_15899
15900,Person_15900
15901,Person_15901
15902,Person_15902
15903,Person_15903
15904,Person_15904
15905,Person_15905
15906,Person_15906
15907,Person_15907
15908,Person_15908
15909,Person_15909
15910,Person_15910
15911,Person_15911
15912,Person_15912
15913,Person_15913
15914,Person_15914
15915,Person_15915
15916,Person_15916
15917,Person_15917
15918,Person_15918
15919,Person_15919
15920,Person_15920
15921,Person_15921
15922,Person_15922
15923,Person_15923
15924,Person_15924
15925,Person_15925
15926,Person_15926
15927,Person_15927
15928,Person_15928
15929,Person_15929
15930,Person_15930
15931,Person_15931
15932,Person_15932
15933,Person_15933
15934,Person_15934
15935,Person_15935
15936,Person_15936
15937,Person_15937
15938,Person_15938
15939,Person_15939
15940,Person_15940
15941,Person_15941
15942,Person_15942
15943,Person_15943
15944,Person_15944
15945,Person_15945
15946,Person_15946
15947,Person_15947
15948,Person_15948
15949,Person_15949
15950,Person_15950
15951,Person_15951
15952,Person_15952
15953,Person_15953
15954,Person_15954
15955,Person_15955
15956,Person_15956
15957,Person_15957
15958,Person_15958
15959,Person_15959
15960,Person_15960
15961,Person_15961
15962,Person_15962
15963,Person_15963
15964,Person_15964
15965,Person_15965
15966,Person_15966
15967,Person_15967
15968,Person_15968
15969,Person_15969
15970,Person_15970
15971,Person_15971
15972,Person_15972
15973,Person_15973
15974,Person_15974
15975,Person_15975
15976,Person_15976
15977,Person_15977
15978,Person_15978
15979,Person_15979
15980,Person_15980
15981,Person_15981
15982,Person_15982
15983,Person_15983
15984,Person_15984
15985,Person_15985
15986,Person_15986
15987,Person_15987
15988,Person_15988
15989,Person_15989
15990,Person_15990
15991,Person_15991
15992,Person_15992
15993,Person_15993
15994,Person_15994
15995,Person_15995
15996,Person_15996
15997,Person_15997
15998,Person_15998
15999,Person_15999
16000,Person_16000
16001,Person_16001
16002,Person_16002
16003,Person_16003
16004,Person_16004
16005,Person_16005
16006,Person_16006
16007,Person_16007
16008,Person_16008
16009,Person_16009
16010,Person_16010
16011,Person_16011
16012,Person_16012
16013,Person_16013
16014,Person_16014
16015,Person_16015
16016,Person_16016
16017,Person_16017
16018,Person_16018
16019,Person_16019
16020,Person_16020
16021,Person_16021
16022,Person_16022
16023,Person_16023
16024,Person_16024
16025,Person_16025
16026,Person_16026
16027,Person_16027
16028,Person_16028
16029,Person_16029
16030,Person_16030
16031,Person_16031
16032,Person_16032
16033,Person_16033
16034,Person_16034
16035,Person_16035
16036,Person_16036
16037,Person_16037
16038,Person_16038
16039,Person_16039
16040,Person_16040
16041,Person_16041
16042,Person_16042
16043,Person_16043
16044,Person_16044
16045,Person_16045
16046,Person_16046
16047,Person_16047
16048,Person_16048
16049,Person_16049
16050,Person_16050
16051,Person_16051
16052,Person_16052
16053,Person_16053
16054,Person_16054
16055,Person_16055
16056,Person_16056
16057,Person_16057
16058,Person_16058
16059,Person_16059
16060,Person_16060
16061,Person_16061
16062,Person_16062
16063,Person_16063
16064,Person_16064
16065,Person_16065
16066,Person_16066
16067,Person_16067
16068,Person_16068
16069,Person_16069
16070,Person_16070
16071,Person_16071
16072,Person_16072
16073,Person_16073
16074,Person_16074
16075,Person_16075
16076,Person_16076
16077,Person_16077
16078,Person_16078
16079,Person_16079
16080,Person_16080
16081,Person_16081
16082,Person_16082
16083,Person_16083
16084,Person_16084
16085,Person_16085
16086,Person_16086
16087,Person_16087
16088,Person_16088
16089,Person_16089
16090,Person_16090
16091,Person_16091
16092,Person_16092
16093,Person_16093
16094,Person_16094
16095,Person_16095
16096,Person_16096
16097,Person_16097
16098,Person_16098
16099,Person_16099
16100,Person_16100
16101,Person_16101
16102,Person_16102
16103,Person_16103
16104,Person_16104
16105,Person_16105
16106,Person_16106
16107,Person_16107
16108,Person_16108
16109,Person_16109
16110,Person_16110
16111,Person_16111
16112,Person_16112
16113,Person_16113
16114,Person_16114
16115,Person_16115
16116,Person_16116
16117,Person_16117
16118,Person_16118
16119,Person_16119
16120,Person_16120
16121,Person_16121
16122,Person_16122
16123,Person_16123
16124,Person_16124
16125,Person_16125
16126,Person_16126
16127,Person_16127
16128,Person_16128
16129,Person_16129
16130,Person_16130
16131,Person_16131
16132,Person_16132
16133,Person_16133
16134,Person_16134
16135,Person_16135
16136,Person_16136
16137,Person_16137
16138,Person_16138
16139,Person_16139
16140,Person_16140
16141,Person_16141
16142,Person_16142
16143,Person_16143
16144,Person_16144
16145,Person_16145
16146,Person_16146
16147,Person_16147
16148,Person_16148
16149,Person_16149
16150,Person_16150
16151,Person_16151
16152,Person_16152
16153,Person_16153
16154,Person_16154
16155,Person_16155
16156,Person_16156
16157,Person_16157
16158,Person_16158
16159,Person_16159
16160,Person_16160
16161,Person_16161
16162,Person_16162
16163,Person_16163
16164,Person_16164
16165,Person_16165
16166,Person_16166
16167,Person_16167
16168,Person_16168
16169,Person_16169
16170,Person_16170
16171,Person_16171
16172,Person_16172
16173,Person_16173
16174,Person_16174
16175,Person_16175
16176,Person_16176
16177,Person_16177
16178,Person_16178
16179,Person_16179
16180,Person_16180
16181,Person_16181
16182,Person_16182
16183,Person_16183
16184,Person_16184
16185,Person_16185
16186,Person_16186
16187,Person_16187
16188,Person_16188
16189,Person_16189
16190,Person_16190
16191,Person_16191
16192,Person_16192
16193,Person_16193
16194,Person_16194
16195,Person_16195
16196,Person_16196
16197,Person_16197
16198,Person_16198
16199,Person_16199
16200,Person_16200
16201,Person_16201
16202,Person_16202
16203,Person_16203
16204,Person_16204
16205,Person_16205
16206,Person_16206
16207,Person_16207
16208,Person_16208
16209,Person_16209
16210,Person_16210
16211,Person_16211
16212,Person_16212
16213,Person_16213
16214,Person_16214
16215,Person_16215
16216,Person_16216
16217,Person_16217
16218,Person_16218
16219,Person_16219
16220,Person_16220
16221,Person_16221
16222,Person_16222
16223,Person_16223
16224,Person_16224
16225,Person_16225
16226,Person_16226
16227,Person_16227
16228,Person_16228
16229,Person_16229
16230,Person_16230
16231,Person_16231
16232,Person_16232
16233,Person_16233
16234,Person_16234
16235,Person_16235
16236,Person_16236
16237,Person_16237
16238,Person_16238
16239,Person_16239
16240,Person_16240
16241,Person_16241
16242,Person_16242
16243,Person_16243
16244,Person_16244
16245,Person_16245
16246,Person_16246
16247,Person_16247
16248,Person_16248
16249,Person_16249
16250,Person_16250
16251,Person_16251
16252,Person_16252
16253,Person_16253
16254,Person_16254
16255,Person_16255
16256,Person_16256
16257,Person_16257
16258,Person_16258
16259,Person_16259
16260,Person_16260
16261,Person_16261
16262,Person_16262
16263,Person_16263
16264,Person_16264
16265,Person_16265
16266,Person_16266
16267,Person_16267
16268,Person_16268
16269,Person_16269
16270,Person_16270
16271,Person_16271
16272,Person_16272
16273,Person_16273
16274,Person_16274
16275,Person_16275
16276,Person_16276
16277,Person_16277
16278,Person_16278
16279,Person_16279
16280,Person_16280
16281,Person_16281
16282,Person_16282
16283,Person_16283
16284,Person_16284
16285,Person_16285
16286,Person_16286
16287,Person_16287
16288,Person_16288
16289,Person_16289
16290,Person_16290
16291,Person_16291
16292,Person_16292
16293,Person_16293
16294,Person_16294
16295,Person_16295
16296,Person_16296
16297,Person_16297
16298,Person_16298
16299,Person_16299
16300,Person_16300
16301,Person_16301
16302,Person_16302
16303,Person_16303
16304,Person_16304
16305,Person_16305
16306,Person_16306
16307,Person_16307
16308,Person_16308
16309,Person_16309
16310,Person_16310
16311,Person_16311
16312,Person_16312
16313,Person_16313
16314,Person_16314
16315,Person_16315
16316,Person_16316
16317,Person_16317
16318,Person_16318
16319,Person_16319
16320,Person_16320
16321,Person_16321
16322,Person_16322
16323,Person_16323
16324,Person_16324
16325,Person_16325
16326,Person_16326
16327,Person_16327
16328,Person_16328
16329,Person_16329
16330,Person_16330
16331,Person_16331
16332,Person_16332
16333,Person_16333
16334,Person_16334
16335,Person_16335
16336,Person_16336
16337,Person_16337
16338,Person_16338
16339,Person_16339
16340,Person_16340
16341,Person_16341
16342,Person_16342
16343,Person_16343
16344,Person_16344
16345,Person_16345
16346,Person_16346
16347,Person_16347
16348,Person_16348
16349,Person_16349
16350,Person_16350
16351,Person_16351
16352,Person_16352
16353,Person_16353
16354,Person_16354
16355,Person_16355
16356,Person_16356
16357,Person_16357
16358,Person_16358
16359,Person_16359
16360,Person_16360
16361,Person_16361
16362,Person_16362
16363,Person_16363
16364,Person_16364
16365,Person_16365
16366,Person_16366
16367,Person_16367
16368,Person_16368
16369,Person_16369
16370,Person_16370
16371,Person_16371
16372,Person_16372
16373,Person_16373
16374,Person_16374
16375,Person_16375
16376,Person_16376
16377,Person_16377
16378,Person_16378
16379,Person_16379
16380,Person_16380
16381,Person_16381
16382,Person_16382
16383,Person_16383
16384,Person_16384
16385,Person_16385
16386,Person_16386
16387,Person_16387
16388,Person_16388
16389,Person_16389
16390,Person_16390
16391,Person_16391
16392,Person_16392
16393,Person_16393
16394,Person_16394
16395,Person_16395
16396,Person_16396
16397,Person_16397
16398,Person_16398
16399,Person_16399
16400,Person_16400
16401,Person_16401
16402,Person_16402
16403,Person_16403
16404,Person_16404
16405,Person_16405
16406,Person_16406
16407,Person_16407
16408,Person_16408
16409,Person_16409
16410,Person_16410
16411,Person_16411
16412,Person_16412
16413,Person_16413
16414,Person_16414
16415,Person_16415
16416,Person_16416
16417,Person_16417
16418,Person_16418
16419,Person_16419
16420,Person_16420
16421,Person_16421
16422,Person_16422
16423,Person_16423
16424,Person_16424
16425,Person_16425
16426,Person_16426
16427,Person_16427
16428,Person_16428
16429,Person_16429
16430,Person_16430
16431,Person_16431
16432,Person_16432
16433,Person_16433
16434,Person_16434
16435,Person_16435
16436,Person_16436
16437,Person_16437
16438,Person_16438
16439,Person_16439
16440,Person_16440
16441,Person_16441
16442,Person_16442
16443,Person_16443
16444,Person_16444
16445,Person_16445
16446,Person_16446
16447,Person_16447
16448,Person_16448
16449,Person_16449
16450,Person_16450
16451,Person_16451
16452,Person_16452
16453,Person_16453
16454,Person_16454
16455,Person_16455
16456,Person_16456
16457,Person_16457
16458,Person_16458
16459,Person_16459
16460,Person_16460
16461,Person_16461
16462,Person_16462
16463,Person_16463
16464,Person_16464
16465,Person_16465
16466,Person_16466
16467,Person_16467
16468,Person_16468
16469,Person_16469
16470,Person_16470
16471,Person_16471
16472,Person_16472
16473,Person_16473
16474,Person_16474
16475,Person_16475
16476,Person_16476
16477,Person_16477
16478,Person_16478
16479,Person_16479
16480,Person_16480
16481,Person_16481
16482,Person_16482
16483,Person_16483
16484,Person_16484
16485,Person_16485
16486,Person_16486
16487,Person_16487
16488,Person_16488
16489,Person_16489
16490,Person_16490
16491,Person_16491
16492,Person_16492
16493,Person_16493
16494,Person_16494
16495,Person_16495
16496,Person_16496
16497,Person_16497
16498,Person_16498
16499,Person_16499
16500,Person_16500
16501,Person_16501
16502,Person_16502
16503,Person_16503
16504,Person_16504
16505,Person_16505
16506,Person_16506
16507,Person_16507
16508,Person_16508
16509,Person_16509
16510,Person_16510
16511,Person_16511
16512,Person_16512
16513,Person_16513
16514,Person_16514
16515,Person_16515
16516,Person_16516
16517,Person_16517
16518,Person_16518
16519,Person_16519
16520,Person_16520
16521,Person_16521
16522,Person_16522
16523,Person_16523
16524,Person_16524
16525,Person_16525
16526,Person_16526
16527,Person_16527
16528,Person_16528
16529,Person_16529
16530,Person_16530
16531,Person_16531
16532,Person_16532
16533,Person_16533
16534,Person_16534
16535,Person_16535
16536,Person_16536
16537,Person_16537
16538,Person_16538
16539,Person_16539
16540,Person_16540
16541,Person_16541
16542,Person_16542
16543,Person_16543
16544,Person_16544
16545,Person_16545
16546,Person_16546
16547,Person_16547
16548,Person_16548
16549,Person_16549
16550,Person_16550
16551,Person_16551
16552,Person_16552
16553,Person_16553
16554,Person_16554
16555,Person_16555
16556,Person_16556
16557,Person_16557
16558,Person_16558
16559,Person_16559
16560,Person_16560
16561,Person_16561
16562,Person_16562
16563,Person_16563
16564,Person_16564
16565,Person_16565
16566,Person_16566
16567,Person_16567
16568,Person_16568
16569,Person_16569
16570,Person_16570
16571,Person_16571
16572,Person_16572
16573,Person_16573
16574,Person_16574
16575,Person_16575
16576,Person_16576
16577,Person_16577
16578,Person_16578
16579,Person_16579
16580,Person_16580
16581,Person_16581
16582,Person_16582
16583,Person_16583
16584,Person_16584
16585,Person_16585
16586,Person_16586
16587,Person_16587
16588,Person_16588
16589,Person_16589
16590,Person_16590
16591,Person_16591
16592,Person_16592
16593,Person_16593
16594,Person_16594
16595,Person_16595
16596,Person_16596
16597,Person_16597
16598,Person_16598
16599,Person_16599
16600,Person_16600
16601,Person_16601
16602,Person_16602
16603,Person_16603
16604,Person_16604
16605,Person_16605
16606,Person_16606
16607,Person_16607
16608,Person_16608
16609,Person_16609
16610,Person_16610
16611,Person_16611
16612,Person_16612
16613,Person_16613
16614,Person_16614
16615,Person_16615
16616,Person_16616
16617,Person_16617
16618,Person_16618
16619,Person_16619
16620,Person_16620
16621,Person_16621
16622,Person_16622
16623,Person_16623
16624,Person_16624
16625,Person_16625
16626,Person_16626
16627,Person_16627
16628,Person_16628
16629,Person_16629
16630,Person_16630
16631,Person_16631
16632,Person_16632
16633,Person_16633
16634,Person_16634
16635,Person_16635
16636,Person_16636
16637,Person_16637
16638,Person_16638
16639,Person_16639
16640,Person_16640
16641,Person_16641
16642,Person_16642
16643,Person_16643
16644,Person_16644
16645,Person_16645
16646,Person_16646
16647,Person_16647
16648,Person_16648
16649,Person_16649
16650,Person_16650
16651,Person_16651
16652,Person_16652
16653,Person_16653
16654,Person_16654
16655,Person_16655
16656,Person_16656
16657,Person_16657
16658,Person_16658
16659,Person_16659
16660,Person_16660
16661,Person_16661
16662,Person_16662
16663,Person_16663
16664,Person_16664
16665,Person_16665
16666,Person_16666
16667,Person_16667
16668,Person_16668
16669,Person_16669
16670,Person_16670
16671,Person_16671
16672,Person_16672
16673,Person_16673
16674,Person_16674
16675,Person_16675
16676,Person_16676
16677,Person_16677
16678,Person_16678
16679,Person_16679
16680,Person_16680
16681,Person_16681
16682,Person_16682
16683,Person_16683
16684,Person_16684
16685,Person_16685
16686,Person_16686
16687,Person_16687
16688,Person_16688
16689,Person_16689
16690,Person_16690
16691,Person_16691
16692,Person_16692
16693,Person_16693
16694,Person_16694
16695,Person_16695
16696,Person_16696
16697,Person_16697
16698,Person_16698
16699,Person_16699
16700,Person_16700
16701,Person_16701
16702,Person_16702
16703,Person_16703
16704,Person_16704
16705,Person_16705
16706,Person_16706
16707,Person_16707
16708,Person_16708
16709,Person_16709
16710,Person_16710
16711,Person_16711
16712,Person_16712
16713,Person_16713
16714,Person_16714
16715,Person_16715
16716,Person_16716
16717,Person_16717
16718,Person_16718
16719,Person_16719
16720,Person_16720
16721,Person_16721
16722,Person_16722
16723,Person_16723
16724,Person_16724
16725,Person_16725
16726,Person_16726
16727,Person_16727
16728,Person_16728
16729,Person_16729
16730,Person_16730
16731,Person_16731
16732,Person_16732
16733,Person_16733
16734,Person_16734
16735,Person_16735
16736,Person_16736
16737,Person_16737
16738,Person_16738
16739,Person_16739
16740,Person_16740
16741,Person_16741
16742,Person_16742
16743,Person_16743
16744,Person_16744
16745,Person_16745
16746,Person_16746
16747,Person_16747
16748,Person_16748
16749,Person_16749
16750,Person_16750
16751,Person_16751
16752,Person_16752
16753,Person_16753
16754,Person_16754
16755,Person_16755
16756,Person_16756
16757,Person_16757
16758,Person_16758
16759,Person_16759
16760,Person_16760
16761,Person_16761
16762,Person_16762
16763,Person_16763
16764,Person_16764
16765,Person_16765
16766,Person_16766
16767,Person_16767
16768,Person_16768
16769,Person_16769
16770,Person_16770
16771,Person_16771
16772,Person_16772
16773,Person_16773
16774,Person_16774
16775,Person_16775
16776,Person_16776
16777,Person_16777
16778,Person_16778
16779,Person_16779
16780,Person_16780
16781,Person_16781
16782,Person_16782
16783,Person_16783
16784,Person_16784
16785,Person_16785
16786,Person_16786
16787,Person_16787
16788,Person_16788
16789,Person_16789
16790,Person_16790
16791,Person_16791
16792,Person_16792
16793,Person_16793
16794,Person_16794
16795,Person_16795
16796,Person_16796
16797,Person_16797
16798,Person_16798
16799,Person_16799
16800,Person_16800
16801,Person_16801
16802,Person_16802
16803,Person_16803
16804,Person_16804
16805,Person_16805
16806,Person_16806
16807,Person_16807
16808,Person_16808
16809,Person_16809
16810,Person_16810
16811,Person_16811
16812,Person_16812
16813,Person_16813
16814,Person_16814
16815,Person_16815
16816,Person_16816
16817,Person_16817
16818,Person_16818
16819,Person_16819
16820,Person_16820
16821,Person_16821
16822,Person_16822
16823,Person_16823
16824,Person_16824
16825,Person_16825
16826,Person_16826
16827,Person_16827
16828,Person_16828
16829,Person_16829
16830,Person_16830
16831,Person_16831
16832,Person_16832
16833,Person_16833
16834,Person_16834
16835,Person_16835
16836,Person_16836
16837,Person_16837
16838,Person_16838
16839,Person_16839
16840,Person_16840
16841,Person_16841
16842,Person_16842
16843,Person_16843
16844,Person_16844
16845,Person_16845
16846,Person_16846
16847,Person_16847
16848,Person_16848
16849,Person_16849
16850,Person_16850
16851,Person_16851
16852,Person_16852
16853,Person_16853
16854,Person_16854
16855,Person_16855
16856,Person_16856
16857,Person_16857
16858,Person_16858
16859,Person_16859
16860,Person_16860
16861,Person_16861
16862,Person_16862
16863,Person_16863
16864,Person_16864
16865,Person_16865
16866,Person_16866
16867,Person_16867
16868,Person_16868
16869,Person_16869
16870,Person_16870
16871,Person_16871
16872,Person_16872
16873,Person_16873
16874,Person_16874
16875,Person_16875
16876,Person_16876
16877,Person_16877
16878,Person_16878
16879,Person_16879
16880,Person_16880
16881,Person_16881
16882,Person_16882
16883,Person_16883
16884,Person_16884
16885,Person_16885
16886,Person_16886
16887,Person_16887
16888,Person_16888
16889,Person_16889
16890,Person_16890
16891,Person_16891
16892,Person_16892
16893,Person_16893
16894,Person_16894
16895,Person_16895
16896,Person_16896
16897,Person_16897
16898,Person_16898
16899,Person_16899
16900,Person_16900
16901,Person_16901
16902,Person_16902
16903,Person_16903
16904,Person_16904
16905,Person_16905
16906,Person_16906
16907,Person_16907
16908,Person_16908
16909,Person_16909
16910,Person_16910
16911,Person_16911
16912,Person_16912
16913,Person_16913
16914,Person_16914
16915,Person_16915
16916,Person_16916
16917,Person_16917
16918,Person_16918
16919,Person_16919
16920,Person_16920
16921,Person_16921
16922,Person_16922
16923,Person_16923
16924,Person_16924
16925,Person_16925
16926,Person_16926
16927,Person_16927
16928,Person_16928
16929,Person_16929
16930,Person_16930
16931,Person_16931
16932,Person_16932
16933,Person_16933
16934,Person_16934
16935,Person_16935
16936,Person_16936
16937,Person_16937
16938,Person_16938
16939,Person_16939
16940,Person_16940
16941,Person_16941
16942,Person_16942
16943,Person_16943
16944,Person_16944
16945,Person_16945
16946,Person_16946
16947,Person_16947
16948,Person_16948
16949,Person_16949
16950,Person_16950
16951,Person_16951
16952,Person_16952
16953,Person_16953
16954,Person_16954
16955,Person_16955
16956,Person_16956
16957,Person_16957
16958,Person_16958
16959,Person_16959
16960,Person_16960
16961,Person_16961
16962,Person_16962
16963,Person_16963
16964,Person_16964
16965,Person_16965
16966,Person_16966
16967,Person_16967
16968,Person_16968
16969,Person_16969
16970,Person_16970
16971,Person_16971
16972,Person_16972
16973,Person_16973
16974,Person_16974
16975,Person_16975
16976,Person_16976
16977,Person_16977
16978,Person_16978
16979,Person_16979
16980,Person_16980
16981,Person_16981
16982,Person_16982
16983,Person_16983
16984,Person_16984
16985,Person_16985
16986,Person_16986
16987,Person_16987
16988,Person_16988
16989,Person_16989
16990,Person_16990
16991,Person_16991
16992,Person_16992
16993,Person_16993
16994,Person_16994
16995,Person_16995
16996,Person_16996
16997,Person_16997
16998,Person_16998
16999,Person_16999
17000,Person_17000
17001,Person_17001
17002,Person_17002
17003,Person_17003
17004,Person_17004
17005,Person_17005
17006,Person_17006
17007,Person_17007
17008,Person_17008
17009,Person_17009
17010,Person_17010
17011,Person_17011
17012,Person_17012
17013,Person_17013
17014,Person_17014
17015,Person_17015
17016,Person_17016
17017,Person_17017
17018,Person_17018
17019,Person_17019
17020,Person_17020
17021,Person_17021
17022,Person_17022
17023,Person_17023
17024,Person_17024
17025,Person_17025
17026,Person_17026
17027,Person_17027
17028,Person_17028
17029,Person_17029
17030,Person_17030
17031,Person_17031
17032,Person_17032
17033,Person_17033
17034,Person_17034
17035,Person_17035
17036,Person_17036
17037,Person_17037
17038,Person_17038
17039,Person_17039
17040,Person_17040
17041,Person_17041
17042,Person_17042
17043,Person_17043
17044,Person_17044
17045,Person_17045
17046,Person_17046
17047,Person_17047
17048,Person_17048
17049,Person_17049
17050,Person_17050
17051,Person_17051
17052,Person_17052
17053,Person_17053
17054,Person_17054
17055,Person_17055
17056,Person_17056
17057,Person_17057
17058,Person_17058
17059,Person_17059
17060,Person_17060
17061,Person_17061
17062,Person_17062
17063,Person_17063
17064,Person_17064
17065,Person_17065
17066,Person_17066
17067,Person_17067
17068,Person_17068
17069,Person_17069
17070,Person_17070
17071,Person_17071
17072,Person_17072
17073,Person_17073
17074,Person_17074
17075,Person_17075
17076,Person_17076
17077,Person_17077
17078,Person_17078
17079,Person_17079
17080,Person_17080
17081,Person_17081
17082,Person_17082
17083,Person_17083
17084,Person_17084
17085,Person_17085
17086,Person_17086
17087,Person_17087
17088,Person_17088
17089,Person_17089
17090,Person_17090
17091,Person_17091
17092,Person_17092
17093,Person_17093
17094,Person_17094
17095,Person_17095
17096,Person_17096
17097,Person_17097
17098,Person_17098
17099,Person_17099
17100,Person_17100
17101,Person_17101
17102,Person_17102
17103,Person_17103
17104,Person_17104
17105,Person_17105
17106,Person_17106
17107,Person_17107
17108,Person_17108
17109,Person_17109
17110,Person_17110
17111,Person_17111
17112,Person_17112
17113,Person_17113
17114,Person_17114
17115,Person_17115
17116,Person_17116
17117,Person_17117
17118,Person_17118
17119,Person_17119
17120,Person_17120
17121,Person_17121
17122,Person_17122
17123,Person_17123
17124,Person_17124
17125,Person_17125
17126,Person_17126
17127,Person_17127
17128,Person_17128
17129,Person_17129
17130,Person_17130
17131,Person_17131
17132,Person_17132
17133,Person_17133
17134,Person_17134
17135,Person_17135
17136,Person_17136
17137,Person_17137
17138,Person_17138
17139,Person_17139
17140,Person_17140
17141,Person_17141
17142,Person_17142
17143,Person_17143
17144,Person_17144
17145,Person_17145
17146,Person_17146
17147,Person_17147
17148,Person_17148
17149,Person_17149
17150,Person_17150
17151,Person_17151
17152,Person_17152
17153,Person_17153
17154,Person_17154
17155,Person_17155
17156,Person_17156
17157,Person_17157
17158,Person_17158
17159,Person_17159
17160,Person_17160
17161,Person_17161
17162,Person_17162
17163,Person_17163
17164,Person_17164
17165,Person_17165
17166,Person_17166
17167,Person_17167
17168,Person_17168
17169,Person_17169
17170,Person_17170
17171,Person_17171
17172,Person_17172
17173,Person_17173
17174,Person_17174
17175,Person_17175
17176,Person_17176
17177,Person_17177
17178,Person_17178
17179,Person_17179
17180,Person_17180
17181,Person_17181
17182,Person_17182
17183,Person_17183
17184,Person_17184
17185,Person_17185
17186,Person_17186
17187,Person_17187
17188,Person_17188
17189,Person_17189
17190,Person_17190
17191,Person_17191
17192,Person_17192
17193,Person_17193
17194,Person_17194
17195,Person_17195
17196,Person_17196
17197,Person_17197
17198,Person_17198
17199,Person_17199
17200,Person_17200
17201,Person_17201
17202,Person_17202
17203,Person_17203
17204,Person_17204
17205,Person_17205
17206,Person_17206
17207,Person_17207
17208,Person_17208
17209,Person_17209
17210,Person_17210
17211,Person_17211
17212,Person_17212
17213,Person_17213
17214,Person_17214
17215,Person_17215
17216,Person_17216
17217,Person_17217
17218,Person_17218
17219,Person_17219
17220,Person_17220
17221,Person_17221
17222,Person_17222
17223,Person_17223
17224,Person_17224
17225,Person_17225
17226,Person_17226
17227,Person_17227
17228,Person_17228
17229,Person_17229
17230,Person_17230
17231,Person_17231
17232,Person_17232
17233,Person_17233
17234,Person_17234
17235,Person_17235
17236,Person_17236
17237,Person_17237
17238,Person_17238
17239,Person_17239
17240,Person_17240
17241,Person_17241
17242,Person_17242
17243,Person_17243
17244,Person_17244
17245,Person_17245
17246,Person_17246
17247,Person_17247
17248,Person_17248
17249,Person_17249
17250,Person_17250
17251,Person_17251
17252,Person_17252
17253,Person_17253
17254,Person_17254
17255,Person_17255
17256,Person_17256
17257,Person_17257
17258,Person_17258
17259,Person_17259
17260,Person_17260
17261,Person_17261
17262,Person_17262
17263,Person_17263
17264,Person_17264
17265,Person_17265
17266,Person_17266
17267,Person_17267
17268,Person_17268
17269,Person_17269
17270,Person_17270
17271,Person_17271
17272,Person_17272
17273,Person_17273
17274,Person_17274
17275,Person_17275
17276,Person_17276
17277,Person_17277
17278,Person_17278
17279,Person_17279
17280,Person_17280
17281,Person_17281
17282,Person_17282
17283,Person_17283
17284,Person_17284
17285,Person_17285
17286,Person_17286
17287,Person_17287
17288,Person_17288
17289,Person_17289
17290,Person_17290
17291,Person_17291
17292,Person_17292
17293,Person_17293
17294,Person_17294
17295,Person_17295
17296,Person_17296
17297,Person_17297
17298,Person_17298
17299,Person_17299
17300,Person_17300
17301,Person_17301
17302,Person_17302
17303,Person_17303
17304,Person_17304
17305,Person_17305
17306,Person_17306
17307,Person_17307
17308,Person_17308
17309,Person_17309
17310,Person_17310
17311,Person_17311
17312,Person_17312
17313,Person_17313
17314,Person_17314
17315,Person_17315
17316,Person_17316
17317,Person_17317
17318,Person_17318
17319,Person_17319
17320,Person_17320
17321,Person_17321
17322,Person_17322
17323,Person_17323
17324,Person_17324
17325,Person_17325
17326,Person_17326
17327,Person_17327
17328,Person_17328
17329,Person_17329
17330,Person_17330
17331,Person_17331
17332,Person_17332
17333,Person_17333
17334,Person_17334
17335,Person_17335
17336,Person_17336
17337,Person_17337
17338,Person_17338
17339,Person_17339
17340,Person_17340
17341,Person_17341
17342,Person_17342
17343,Person_17343
17344,Person_17344
17345,Person_17345
17346,Person_17346
17347,Person_17347
17348,Person_17348
17349,Person_17349
17350,Person_17350
17351,Person_17351
17352,Person_17352
17353,Person_17353
17354,Person_17354
17355,Person_17355
17356,Person_17356
17357,Person_17357
17358,Person_17358
17359,Person_17359
17360,Person_17360
17361,Person_17361
17362,Person_17362
17363,Person_17363
17364,Person_17364
17365,Person_17365
17366,Person_17366
17367,Person_17367
17368,Person_17368
17369,Person_17369
17370,Person_17370
17371,Person_17371
17372,Person_17372
17373,Person_17373
17374,Person_17374
17375,Person_17375
17376,Person_17376
17377,Person_17377
17378,Person_17378
17379,Person_17379
17380,Person_17380
17381,Person_17381
17382,Person_17382
17383,Person_17383
17384,Person_17384
17385,Person_17385
17386,Person_17386
17387,Person_17387
17388,Person_17388
17389,Person_17389
17390,Person_17390
17391,Person_17391
17392,Person_17392
17393,Person_17393
17394,Person_17394
17395,Person_17395
17396,Person_17396
17397,Person_17397
17398,Person_17398
17399,Person_17399
17400,Person_17400
17401,Person_17401
17402,Person_17402
17403,Person_17403
17404,Person_17404
17405,Person_17405
17406,Person_17406
17407,Person_17407
17408,Person_17408
17409,Person_17409
17410,Person_17410
17411,Person_17411
17412,Person_17412
17413,Person_17413
17414,Person_17414
17415,Person_17415
17416,Person_17416
17417,Person_17417
17418,Person_17418
17419,Person_17419
17420,Person_17420
17421,Person_17421
17422,Person_17422
17423,Person_17423
17424,Person_17424
17425,Person_17425
17426,Person_17426
17427,Person_17427
17428,Person_17428
17429,Person_17429
17430,Person_17430
17431,Person_17431
17432,Person_17432
17433,Person_17433
17434,Person_17434
17435,Person_17435
17436,Person_17436
17437,Person_17437
17438,Person_17438
17439,Person_17439
17440,Person_17440
17441,Person_17441
17442,Person_17442
17443,Person_17443
17444,Person_17444
17445,Person_17445
17446,Person_17446
17447,Person_17447
17448,Person_17448
17449,Person_17449
17450,Person_17450
17451,Person_17451
17452,Person_17452
17453,Person_17453
17454,Person_17454
17455,Person_17455
17456,Person_17456
17457,Person_17457
17458,Person_17458
17459,Person_17459
17460,Person_17460
17461,Person_17461
17462,Person_17462
17463,Person_17463
17464,Person_17464
17465,Person_17465
17466,Person_17466
17467,Person_17467
17468,Person_17468
17469,Person_17469
17470,Person_17470
17471,Person_17471
17472,Person_17472
17473,Person_17473
17474,Person_17474
17475,Person_17475
17476,Person_17476
17477,Person_17477
17478,Person_17478
17479,Person_17479
17480,Person_17480
17481,Person_17481
17482,Person_17482
17483,Person_17483
17484,Person_17484
17485,Person_17485
17486,Person_17486
17487,Person_17487
17488,Person_17488
17489,Person_17489
17490,Person_17490
17491,Person_17491
17492,Person_17492
17493,Person_17493
17494,Person_17494
17495,Person_17495
17496,Person_17496
17497,Person_17497
17498,Person_17498
17499,Person_17499
17500,Person_17500
17501,Person_17501
17502,Person_17502
17503,Person_17503
17504,Person_17504
17505,Person_17505
17506,Person_17506
17507,Person_17507
17508,Person_17508
17509,Person_17509
17510,Person_17510
17511,Person_17511
17512,Person_17512
17513,Person_17513
17514,Person_17514
17515,Person_17515
17516,Person_17516
17517,Person_17517
17518,Person_17518
17519,Person_17519
17520,Person_17520
17521,Person_17521
17522,Person_17522
17523,Person_17523
17524,Person_17524
17525,Person_17525
17526,Person_17526
17527,Person_17527
17528,Person_17528
17529,Person_17529
17530,Person_17530
17531,Person_17531
17532,Person_17532
17533,Person_17533
17534,Person_17534
17535,Person_17535
17536,Person_17536
17537,Person_17537
17538,Person_17538
17539,Person_17539
17540,Person_17540
17541,Person_17541
17542,Person_17542
17543,Person_17543
17544,Person_17544
17545,Person_17545
17546,Person_17546
17547,Person_17547
17548,Person_17548
17549,Person_17549
17550,Person_17550
17551,Person_17551
17552,Person_17552
17553,Person_17553
17554,Person_17554
17555,Person_17555
17556,Person_17556
17557,Person_17557
17558,Person_17558
17559,Person_17559
17560,Person_17560
17561,Person_17561
17562,Person_17562
17563,Person_17563
17564,Person_17564
17565,Person_17565
17566,Person_17566
17567,Person_17567
17568,Person_17568
17569,Person_17569
17570,Person_17570
17571,Person_17571
17572,Person_17572
17573,Person_17573
17574,Person_17574
17575,Person_17575
17576,Person_17576
17577,Person_17577
17578,Person_17578
17579,Person_17579
17580,Person_17580
17581,Person_17581
17582,Person_17582
17583,Person_17583
17584,Person_17584
17585,Person_17585
17586,Person_17586
17587,Person_17587
17588,Person_17588
17589,Person_17589
17590,Person_17590
17591,Person_17591
17592,Person_17592
17593,Person_17593
17594,Person_17594
17595,Person_17595
17596,Person_17596
17597,Person_17597
17598,Person_17598
17599,Person_17599
17600,Person_17600
17601,Person_17601
17602,Person_17602
17603,Person_17603
17604,Person_17604
17605,Person_17605
17606,Person_17606
17607,Person_17607
17608,Person_17608
17609,Person_17609
17610,Person_17610
17611,Person_17611
17612,Person_17612
17613,Person_17613
17614,Person_17614
17615,Person_17615
17616,Person_17616
17617,Person_17617
17618,Person_17618
17619,Person_17619
17620,Person_17620
17621,Person_17621
17622,Person_17622
17623,Person_17623
17624,Person_17624
17625,Person_17625
17626,Person_17626
17627,Person_17627
17628,Person_17628
17629,Person_17629
17630,Person_17630
17631,Person_17631
17632,Person_17632
17633,Person_17633
17634,Person_17634
17635,Person_17635
17636,Person_17636
17637,Person_17637
17638,Person_17638
17639,Person_17639
17640,Person_17640
17641,Person_17641
17642,Person_17642
17643,Person_17643
17644,Person_17644
17645,Person_17645
17646,Person_17646
17647,Person_17647
17648,Person_17648
17649,Person_17649
17650,Person_17650
17651,Person_17651
17652,Person_17652
17653,Person_17653
17654,Person_17654
17655,Person_17655
17656,Person_17656
17657,Person_17657
17658,Person_17658
17659,Person_17659
17660,Person_17660
17661,Person_17661
17662,Person_17662
17663,Person_17663
17664,Person_17664
17665,Person_17665
17666,Person_17666
17667,Person_17667
17668,Person_17668
17669,Person_17669
17670,Person_17670
17671,Person_17671
17672,Person_17672
17673,Person_17673
17674,Person_17674
17675,Person_17675
17676,Person_17676
17677,Person_17677
17678,Person_17678
17679,Person_17679
17680,Person_17680
17681,Person_17681
17682,Person_17682
17683,Person_17683
17684,Person_17684
17685,Person_17685
17686,Person_17686
17687,Person_17687
17688,Person_17688
17689,Person_17689
17690,Person_17690
17691,Person_17691
17692,Person_17692
17693,Person_17693
17694,Person_17694
17695,Person_17695
17696,Person_17696
17697,Person_17697
17698,Person_17698
17699,Person_17699
17700,Person_17700
17701,Person_17701
17702,Person_17702
17703,Person_17703
17704,Person_17704
17705,Person_17705
17706,Person_17706
17707,Person_17707
17708,Person_17708
17709,Person_17709
17710,Person_17710
17711,Person_17711
17712,Person_17712
17713,Person_17713
17714,Person_17714
17715,Person_17715
17716,Person_17716
17717,Person_17717
17718,Person_17718
17719,Person_17719
17720,Person_17720
17721,Person_17721
17722,Person_17722
17723,Person_17723
17724,Person_17724
17725,Person_17725
17726,Person_17726
17727,Person_17727
17728,Person_17728
17729,Person_17729
17730,Person_17730
17731,Person_17731
17732,Person_17732
17733,Person_17733
17734,Person_17734
17735,Person_17735
17736,Person_17736
17737,Person_17737
17738,Person_17738
17739,Person_17739
17740,Person_17740
17741,Person_17741
17742,Person_17742
17743,Person_17743
17744,Person_17744
17745,Person_17745
17746,Person_17746
17747,Person_17747
17748,Person_17748
17749,Person_17749
17750,Person_17750
17751,Person_17751
17752,Person_17752
17753,Person_17753
17754,Person_17754
17755,Person_17755
17756,Person_17756
17757,Person_17757
17758,Person_17758
17759,Person_17759
17760,Person_17760
17761,Person_17761
17762,Person_17762
17763,Person_17763
17764,Person_17764
17765,Person_17765
17766,Person_17766
17767,Person_17767
17768,Person_17768
17769,Person_17769
17770,Person_17770
17771,Person_17771
17772,Person_17772
17773,Person_17773
17774,Person_17774
17775,Person_17775
17776,Person_17776
17777,Person_17777
17778,Person_17778
17779,Person_17779
17780,Person_17780
17781,Person_17781
17782,Person_17782
17783,Person_17783
17784,Person_17784
17785,Person_17785
17786,Person_17786
17787,Person_17787
17788,Person_17788
17789,Person_17789
17790,Person_17790
17791,Person_17791
17792,Person_17792
17793,Person_17793
17794,Person_17794
17795,Person_17795
17796,Person_17796
17797,Person_17797
17798,Person_17798
17799,Person_17799
17800,Person_17800
17801,Person_17801
17802,Person_17802
17803,Person_17803
17804,Person_17804
17805,Person_17805
17806,Person_17806
17807,Person_17807
17808,Person_17808
17809,Person_17809
17810,Person_17810
17811,Person_17811
17812,Person_17812
17813,Person_17813
17814,Person_17814
17815,Person_17815
17816,Person_17816
17817,Person_17817
17818,Person_17818
17819,Person_17819
17820,Person_17820
17821,Person_17821
17822,Person_17822
17823,Person_17823
17824,Person_17824
17825,Person_17825
17826,Person_17826
17827,Person_17827
17828,Person_17828
17829,Person_17829
17830,Person_17830
17831,Person_17831
17832,Person_17832
17833,Person_17833
17834,Person_17834
17835,Person_17835
17836,Person_17836
17837,Person_17837
17838,Person_17838
17839,Person_17839
17840,Person_17840
17841,Person_17841
17842,Person_17842
17843,Person_17843
17844,Person_17844
17845,Person_17845
17846,Person_17846
17847,Person_17847
17848,Person_17848
17849,Person_17849
17850,Person_17850
17851,Person_17851
17852,Person_17852
17853,Person_17853
17854,Person_17854
17855,Person_17855
17856,Person_17856
17857,Person_17857
17858,Person_17858
17859,Person_17859
17860,Person_17860
17861,Person_17861
17862,Person_17862
17863,Person_17863
17864,Person_17864
17865,Person_17865
17866,Person_17866
17867,Person_17867
17868,Person_17868
17869,Person_17869
17870,Person_17870
17871,Person_17871
17872,Person_17872
17873,Person_17873
17874,Person_17874
17875,Person_17875
17876,Person_17876
17877,Person_17877
17878,Person_17878
17879,Person_17879
17880,Person_17880
17881,Person_17881
17882,Person_17882
17883,Person_17883
17884,Person_17884
17885,Person_17885
17886,Person_17886
17887,Person_17887
17888,Person_17888
17889,Person_17889
17890,Person_17890
17891,Person_17891
17892,Person_17892
17893,Person_17893
17894,Person_17894
17895,Person_17895
17896,Person_17896
17897,Person_17897
17898,Person_17898
17899,Person_17899
17900,Person_17900
17901,Person_17901
17902,Person_17902
17903,Person_17903
17904,Person_17904
17905,Person_17905
17906,Person_17906
17907,Person_17907
17908,Person_17908
17909,Person_17909
17910,Person_17910
17911,Person_17911
17912,Person_17912
17913,Person_17913
17914,Person_17914
17915,Person_17915
17916,Person_17916
17917,Person_17917
17918,Person_17918
17919,Person_17919
17920,Person_17920
17921,Person_17921
17922,Person_17922
17923,Person_17923
17924,Person_17924
17925,Person_17925
17926,Person_17926
17927,Person_17927
17928,Person_17928
17929,Person_17929
17930,Person_17930
17931,Person_17931
17932,Person_17932
17933,Person_17933
17934,Person_17934
17935,Person_17935
17936,Person_17936
17937,Person_17937
17938,Person_17938
17939,Person_17939
17940,Person_17940
17941,Person_17941
17942,Person_17942
17943,Person_17943
17944,Person_17944
17945,Person_17945
17946,Person_17946
17947,Person_17947
17948,Person_17948
17949,Person_17949
17950,Person_17950
17951,Person_17951
17952,Person_17952
17953,Person_17953
17954,Person_17954
17955,Person_17955
17956,Person_17956
17957,Person_17957
17958,Person_17958
17959,Person_17959
17960,Person_17960
17961,Person_17961
17962,Person_17962
17963,Person_17963
17964,Person_17964
17965,Person_17965
17966,Person_17966
17967,Person_17967
17968,Person_17968
17969,Person_17969
17970,Person_17970
17971,Person_17971
17972,Person_17972
17973,Person_17973
17974,Person_17974
17975,Person_17975
17976,Person_17976
17977,Person_17977
17978,Person_17978
17979,Person_17979
17980,Person_17980
17981,Person_17981
17982,Person_17982
17983,Person_17983
17984,Person_17984
17985,Person_17985
17986,Person_17986
17987,Person_17987
17988,Person_17988
17989,Person_17989
17990,Person_17990
17991,Person_17991
17992,Person_17992
17993,Person_17993
17994,Person_17994
17995,Person_17995
17996,Person_17996
17997,Person_17997
17998,Person_17998
17999,Person_17999
18000,Person_18000
18001,Person_18001
18002,Person_18002
18003,Person_18003
18004,Person_18004
18005,Person_18005
18006,Person_18006
18007,Person_18007
18008,Person_18008
18009,Person_18009
18010,Person_18010
18011,Person_18011
18012,Person_18012
18013,Person_18013
18014,Person_18014
18015,Person_18015
18016,Person_18016
18017,Person_18017
18018,Person_18018
18019,Person_18019
18020,Person_18020
18021,Person_18021
18022,Person_18022
18023,Person_18023
18024,Person_18024
18025,Person_18025
18026,Person_18026
18027,Person_18027
18028,Person_18028
18029,Person_18029
18030,Person_18030
18031,Person_18031
18032,Person_18032
18033,Person_18033
18034,Person_18034
18035,Person_18035
18036,Person_18036
18037,Person_18037
18038,Person_18038
18039,Person_18039
18040,Person_18040
18041,Person_18041
18042,Person_18042
18043,Person_18043
18044,Person_18044
18045,Person_18045
18046,Person_18046
18047,Person_18047
18048,Person_18048
18049,Person_18049
18050,Person_18050
18051,Person_18051
18052,Person_18052
18053,Person_18053
18054,Person_18054
18055,Person_18055
18056,Person_18056
18057,Person_18057
18058,Person_18058
18059,Person_18059
18060,Person_18060
18061,Person_18061
18062,Person_18062
18063,Person_18063
18064,Person_18064
18065,Person_18065
18066,Person_18066
18067,Person_18067
18068,Person_18068
18069,Person_18069
18070,Person_18070
18071,Person_18071
18072,Person_18072
18073,Person_18073
18074,Person_18074
18075,Person_18075
18076,Person_18076
18077,Person_18077
18078,Person_18078
18079,Person_18079
18080,Person_18080
18081,Person_18081
18082,Person_18082
18083,Person_18083
18084,Person_18084
18085,Person_18085
18086,Person_18086
18087,Person_18087
18088,Person_18088
18089,Person_18089
18090,Person_18090
18091,Person_18091
18092,Person_18092
18093,Person_18093
18094,Person_18094
18095,Person_18095
18096,Person_18096
18097,Person_18097
18098,Person_18098
18099,Person_18099
18100,Person_18100
18101,Person_18101
18102,Person_18102
18103,Person_18103
18104,Person_18104
18105,Person_18105
18106,Person_18106
18107,Person_18107
18108,Person_18108
18109,Person_18109
18110,Person_18110
18111,Person_18111
18112,Person_18112
18113,Person_18113
18114,Person_18114
18115,Person_18115
18116,Person_18116
18117,Person_18117
18118,Person_18118
18119,Person_18119
18120,Person_18120
18121,Person_18121
18122,Person_18122
18123,Person_18123
18124,Person_18124
18125,Person_18125
18126,Person_18126
18127,Person_18127
18128,Person_18128
18129,Person_18129
18130,Person_18130
18131,Person_18131
18132,Person_18132
18133,Person_18133
18134,Person_18134
18135,Person_18135
18136,Person_18136
18137,Person_18137
18138,Person_18138
18139,Person_18139
18140,Person_18140
18141,Person_18141
18142,Person_18142
18143,Person_18143
18144,Person_18144
18145,Person_18145
18146,Person_18146
18147,Person_18147
18148,Person_18148
18149,Person_18149
18150,Person_18150
18151,Person_18151
18152,Person_18152
18153,Person_18153
18154,Person_18154
18155,Person_18155
18156,Person_18156
18157,Person_18157
18158,Person_18158
18159,Person_18159
18160,Person_18160
18161,Person_18161
18162,Person_18162
18163,Person_18163
18164,Person_18164
18165,Person_18165
18166,Person_18166
18167,Person_18167
18168,Person_18168
18169,Person_18169
18170,Person_18170
18171,Person_18171
18172,Person_18172
18173,Person_18173
18174,Person_18174
18175,Person_18175
18176,Person_18176
18177,Person_18177
18178,Person_18178
18179,Person_18179
18180,Person_18180
18181,Person_18181
18182,Person_18182
18183,Person_18183
18184,Person_18184
18185,Person_18185
18186,Person_18186
18187,Person_18187
18188,Person_18188
18189,Person_18189
18190,Person_18190
18191,Person_18191
18192,Person_18192
18193,Person_18193
18194,Person_18194
18195,Person_18195
18196,Person_18196
18197,Person_18197
18198,Person_18198
18199,Person_18199
18200,Person_18200
18201,Person_18201
18202,Person_18202
18203,Person_18203
18204,Person_18204
18205,Person_18205
18206,Person_18206
18207,Person_18207
18208,Person_18208
18209,Person_18209
18210,Person_18210
18211,Person_18211
18212,Person_18212
18213,Person_18213
18214,Person_18214
18215,Person_18215
18216,Person_18216
18217,Person_18217
18218,Person_18218
18219,Person_18219
18220,Person_18220
18221,Person_18221
18222,Person_18222
18223,Person_18223
18224,Person_18224
18225,Person_18225
18226,Person_18226
18227,Person_18227
18228,Person_18228
18229,Person_18229
18230,Person_18230
18231,Person_18231
18232,Person_18232
18233,Person_18233
18234,Person_18234
18235,Person_18235
18236,Person_18236
18237,Person_18237
18238,Person_18238
18239,Person_18239
18240,Person_18240
18241,Person_18241
18242,Person_18242
18243,Person_18243
18244,Person_18244
18245,Person_18245
18246,Person_18246
18247,Person_18247
18248,Person_18248
18249,Person_18249
18250,Person_18250
18251,Person_18251
18252,Person_18252
18253,Person_18253
18254,Person_18254
18255,Person_18255
18256,Person_18256
18257,Person_18257
18258,Person_18258
18259,Person_18259
18260,Person_18260
18261,Person_18261
18262,Person_18262
18263,Person_18263
18264,Person_18264
18265,Person_18265
18266,Person_18266
18267,Person_18267
18268,Person_18268
18269,Person_18269
18270,Person_18270
18271,Person_18271
18272,Person_18272
18273,Person_18273
18274,Person_18274
18275,Person_18275
18276,Person_18276
18277,Person_18277
18278,Person_18278
18279,Person_18279
18280,Person_18280
18281,Person_18281
18282,Person_18282
18283,Person_18283
18284,Person_18284
18285,Person_18285
18286,Person_18286
18287,Person_18287
18288,Person_18288
18289,Person_18289
18290,Person_18290
18291,Person_18291
18292,Person_18292
18293,Person_18293
18294,Person_18294
18295,Person_18295
18296,Person_18296
18297,Person_18297
18298,Person_18298
18299,Person_18299
18300,Person_18300
18301,Person_18301
18302,Person_18302
18303,Person_18303
18304,Person_18304
18305,Person_18305
18306,Person_18306
18307,Person_18307
18308,Person_18308
18309,Person_18309
18310,Person_18310
18311,Person_18311
18312,Person_18312
18313,Person_18313
18314,Person_18314
18315,Person_18315
18316,Person_18316
18317,Person_18317
18318,Person_18318
18319,Person_18319
18320,Person_18320
18321,Person_18321
18322,Person_18322
18323,Person_18323
18324,Person_18324
18325,Person_18325
18326,Person_18326
18327,Person_18327
18328,Person_18328
18329,Person_18329
18330,Person_18330
18331,Person_18331
18332,Person_18332
18333,Person_18333
18334,Person_18334
18335,Person_18335
18336,Person_18336
18337,Person_18337
18338,Person_18338
18339,Person_18339
18340,Person_18340
18341,Person_18341
18342,Person_18342
18343,Person_18343
18344,Person_18344
18345,Person_18345
18346,Person_18346
18347,Person_18347
18348,Person_18348
18349,Person_18349
18350,Person_18350
18351,Person_18351
18352,Person_18352
18353,Person_18353
18354,Person_18354
18355,Person_18355
18356,Person_18356
18357,Person_18357
18358,Person_18358
18359,Person_18359
18360,Person_18360
18361,Person_18361
18362,Person_18362
18363,Person_18363
18364,Person_18364
18365,Person_18365
18366,Person_18366
18367,Person_18367
18368,Person_18368
18369,Person_18369
18370,Person_18370
18371,Person_18371
18372,Person_18372
18373,Person_18373
18374,Person_18374
18375,Person_18375
18376,Person_18376
18377,Person_18377
18378,Person_18378
18379,Person_18379
18380,Person_18380
18381,Person_18381
18382,Person_18382
18383,Person_18383
18384,Person_18384
18385,Person_18385
18386,Person_18386
18387,Person_18387
18388,Person_18388
18389,Person_18389
18390,Person_18390
18391,Person_18391
18392,Person_18392
18393,Person_18393
18394,Person_18394
18395,Person_18395
18396,Person_18396
18397,Person_18397
18398,Person_18398
18399,Person_18399
18400,Person_18400
18401,Person_18401
18402,Person_18402
18403,Person_18403
18404,Person_18404
18405,Person_18405
18406,Person_18406
18407,Person_18407
18408,Person_18408
18409,Person_18409
18410,Person_18410
18411,Person_18411
18412,Person_18412
18413,Person_18413
18414,Person_18414
18415,Person_18415
18416,Person_18416
18417,Person_18417
18418,Person_18418
18419,Person_18419
18420,Person_18420
18421,Person_18421
18422,Person_18422
18423,Person_18423
18424,Person_18424
18425,Person_18425
18426,Person_18426
18427,Person_18427
18428,Person_18428
18429,Person_18429
18430,Person_18430
18431,Person_18431
18432,Person_18432
18433,Person_18433
18434,Person_18434
18435,Person_18435
18436,Person_18436
18437,Person_18437
18438,Person_18438
18439,Person_18439
18440,Person_18440
18441,Person_18441
18442,Person_18442
18443,Person_18443
18444,Person_18444
18445,Person_18445
18446,Person_18446
18447,Person_18447
18448,Person_18448
18449,Person_18449
18450,Person_18450
18451,Person_18451
18452,Person_18452
18453,Person_18453
18454,Person_18454
18455,Person_18455
18456,Person_18456
18457,Person_18457
18458,Person_18458
18459,Person_18459
18460,Person_18460
18461,Person_18461
18462,Person_18462
18463,Person_18463
18464,Person_18464
18465,Person_18465
18466,Person_18466
18467,Person_18467
18468,Person_18468
18469,Person_18469
18470,Person_18470
18471,Person_18471
18472,Person_18472
18473,Person_18473
18474,Person_18474
18475,Person_18475
18476,Person_18476
18477,Person_18477
18478,Person_18478
18479,Person_18479
18480,Person_18480
18481,Person_18481
18482,Person_18482
18483,Person_18483
18484,Person_18484
18485,Person_18485
18486,Person_18486
18487,Person_18487
18488,Person_18488
18489,Person_18489
18490,Person_18490
18491,Person_18491
18492,Person_18492
18493,Person_18493
18494,Person_18494
18495,Person_18495
18496,Person_18496
18497,Person_18497
18498,Person_18498
18499,Person_18499
18500,Person_18500
18501,Person_18501
18502,Person_18502
18503,Person_18503
18504,Person_18504
18505,Person_18505
18506,Person_18506
18507,Person_18507
18508,Person_18508
18509,Person_18509
18510,Person_18510
18511,Person_18511
18512,Person_18512
18513,Person_18513
18514,Person_18514
18515,Person_18515
18516,Person_18516
18517,Person_18517
18518,Person_18518
18519,Person_18519
18520,Person_18520
18521,Person_18521
18522,Person_18522
18523,Person_18523
18524,Person_18524
18525,Person_18525
18526,Person_18526
18527,Person_18527
18528,Person_18528
18529,Person_18529
18530,Person_18530
18531,Person_18531
18532,Person_18532
18533,Person_18533
18534,Person_18534
18535,Person_18535
18536,Person_18536
18537,Person_18537
18538,Person_18538
18539,Person_18539
18540,Person_18540
18541,Person_18541
18542,Person_18542
18543,Person_18543
18544,Person_18544
18545,Person_18545
18546,Person_18546
18547,Person_18547
18548,Person_18548
18549,Person_18549
18550,Person_18550
18551,Person_18551
18552,Person_18552
18553,Person_18553
18554,Person_18554
18555,Person_18555
18556,Person_18556
18557,Person_18557
18558,Person_18558
18559,Person_18559
18560,Person_18560
18561,Person_18561
18562,Person_18562
18563,Person_18563
18564,Person_18564
18565,Person_18565
18566,Person_18566
18567,Person_18567
18568,Person_18568
18569,Person_18569
18570,Person_18570
18571,Person_18571
18572,Person_18572
18573,Person_18573
18574,Person_18574
18575,Person_18575
18576,Person_18576
18577,Person_18577
18578,Person_18578
18579,Person_18579
18580,Person_18580
18581,Person_18581
18582,Person_18582
18583,Person_18583
18584,Person_18584
18585,Person_18585
18586,Person_18586
18587,Person_18587
18588,Person_18588
18589,Person_18589
18590,Person_18590
18591,Person_18591
18592,Person_18592
18593,Person_18593
18594,Person_18594
18595,Person_18595
18596,Person_18596
18597,Person_18597
18598,Person_18598
18599,Person_18599
18600,Person_18600
18601,Person_18601
18602,Person_18602
18603,Person_18603
18604,Person_18604
18605,Person_18605
18606,Person_18606
18607,Person_18607
18608,Person_18608
18609,Person_18609
18610,Person_18610
18611,Person_18611
18612,Person_18612
18613,Person_18613
18614,Person_18614
18615,Person_18615
18616,Person_18616
18617,Person_18617
18618,Person_18618
18619,Person_18619
18620,Person_18620
18621,Person_18621
18622,Person_18622
18623,Person_18623
18624,Person_18624
18625,Person_18625
18626,Person_18626
18627,Person_18627
18628,Person_18628
18629,Person_18629
18630,Person_18630
18631,Person_18631
18632,Person_18632
18633,Person_18633
18634,Person_18634
18635,Person_18635
18636,Person_18636
18637,Person_18637
18638,Person_18638
18639,Person_18639
18640,Person_18640
18641,Person_18641
18642,Person_18642
18643,Person_18643
18644,Person_18644
18645,Person_18645
18646,Person_18646
18647,Person_18647
18648,Person_18648
18649,Person_18649
18650,Person_18650
18651,Person_18651
18652,Person_18652
18653,Person_18653
18654,Person_18654
18655,Person_18655
18656,Person_18656
18657,Person_18657
18658,Person_18658
18659,Person_18659
18660,Person_18660
18661,Person_18661
18662,Person_18662
18663,Person_18663
18664,Person_18664
18665,Person_18665
18666,Person_18666
18667,Person_18667
18668,Person_18668
18669,Person_18669
18670,Person_18670
18671,Person_18671
18672,Person_18672
18673,Person_18673
18674,Person_18674
18675,Person_18675
18676,Person_18676
18677,Person_18677
18678,Person_18678
18679,Person_18679
18680,Person_18680
18681,Person_18681
18682,Person_18682
18683,Person_18683
18684,Person_18684
18685,Person_18685
18686,Person_18686
18687,Person_18687
18688,Person_18688
18689,Person_18689
18690,Person_18690
18691,Person_18691
18692,Person_18692
18693,Person_18693
18694,Person_18694
18695,Person_18695
18696,Person_18696
18697,Person_18697
18698,Person_18698
18699,Person_18699
18700,Person_18700
18701,Person_18701
18702,Person_18702
18703,Person_18703
18704,Person_18704
18705,Person_18705
18706,Person_18706
18707,Person_18707
18708,Person_18708
18709,Person_18709
18710,Person_18710
18711,Person_18711
18712,Person_18712
18713,Person_18713
18714,Person_18714
18715,Person_18715
18716,Person_18716
18717,Person_18717
18718,Person_18718
18719,Person_18719
18720,Person_18720
18721,Person_18721
18722,Person_18722
18723,Person_18723
18724,Person_18724
18725,Person_18725
18726,Person_18726
18727,Person_18727
18728,Person_18728
18729,Person_18729
18730,Person_18730
18731,Person_18731
18732,Person_18732
18733,Person_18733
18734,Person_18734
18735,Person_18735
18736,Person_18736
18737,Person_18737
18738,Person_18738
18739,Person_18739
18740,Person_18740
18741,Person_18741
18742,Person_18742
18743,Person_18743
18744,Person_18744
18745,Person_18745
18746,Person_18746
18747,Person_18747
18748,Person_18748
18749,Person_18749
18750,Person_18750
18751,Person_18751
18752,Person_18752
18753,Person_18753
18754,Person_18754
18755,Person_18755
18756,Person_18756
18757,Person_18757
18758,Person_18758
18759,Person_18759
18760,Person_18760
18761,Person_18761
18762,Person_18762
18763,Person_18763
18764,Person_18764
18765,Person_18765
18766,Person_18766
18767,Person_18767
18768,Person_18768
18769,Person_18769
18770,Person_18770
18771,Person_18771
18772,Person_18772
18773,Person_18773
18774,Person_18774
18775,Person_18775
18776,Person_18776
18777,Person_18777
18778,Person_18778
18779,Person_18779
18780,Person_18780
18781,Person_18781
18782,Person_18782
18783,Person_18783
18784,Person_18784
18785,Person_18785
18786,Person_18786
18787,Person_18787
18788,Person_18788
18789,Person_18789
18790,Person_18790
18791,Person_18791
18792,Person_18792
18793,Person_18793
18794,Person_18794
18795,Person_18795
18796,Person_18796
18797,Person_18797
18798,Person_18798
18799,Person_18799
18800,Person_18800
18801,Person_18801
18802,Person_18802
18803,Person_18803
18804,Person_18804
18805,Person_18805
18806,Person_18806
18807,Person_18807
18808,Person_18808
18809,Person_18809
18810,Person_18810
18811,Person_18811
18812,Person_18812
18813,Person_18813
18814,Person_18814
18815,Person_18815
18816,Person_18816
18817,Person_18817
18818,Person_18818
18819,Person_18819
18820,Person_18820
18821,Person_18821
18822,Person_18822
18823,Person_18823
18824,Person_18824
18825,Person_18825
18826,Person_18826
18827,Person_18827
18828,Person_18828
18829,Person_18829
18830,Person_18830
18831,Person_18831
18832,Person_18832
18833,Person_18833
18834,Person_18834
18835,Person_18835
18836,Person_18836
18837,Person_18837
18838,Person_18838
18839,Person_18839
18840,Person_18840
18841,Person_18841
18842,Person_18842
18843,Person_18843
18844,Person_18844
18845,Person_18845
18846,Person_18846
18847,Person_18847
18848,Person_18848
18849,Person_18849
18850,Person_18850
18851,Person_18851
18852,Person_18852
18853,Person_18853
18854,Person_18854
18855,Person_18855
18856,Person_18856
18857,Person_18857
18858,Person_18858
18859,Person_18859
18860,Person_18860
18861,Person_18861
18862,Person_18862
18863,Person_18863
18864,Person_18864
18865,Person_18865
18866,Person_18866
18867,Person_18867
18868,Person_18868
18869,Person_18869
18870,Person_18870
18871,Person_18871
18872,Person_18872
18873,Person_18873
18874,Person_18874
18875,Person_18875
18876,Person_18876
18877,Person_18877
18878,Person_18878
18879,Person_18879
18880,Person_18880
18881,Person_18881
18882,Person_18882
18883,Person_18883
18884,Person_18884
18885,Person_18885
18886,Person_18886
18887,Person_18887
18888,Person_18888
18889,Person_18889
18890,Person_18890
18891,Person_18891
18892,Person_18892
18893,Person_18893
18894,Person_18894
18895,Person_18895
18896,Person_18896
18897,Person_18897
18898,Person_18898
18899,Person_18899
18900,Person_18900
18901,Person_18901
18902,Person_18902
18903,Person_18903
18904,Person_18904
18905,Person_18905
18906,Person_18906
18907,Person_18907
18908,Person_18908
18909,Person_18909
18910,Person_18910
18911,Person_18911
18912,Person_18912
18913,Person_18913
18914,Person_18914
18915,Person_18915
18916,Person_18916
18917,Person_18917
18918,Person_18918
18919,Person_18919
18920,Person_18920
18921,Person_18921
18922,Person_18922
18923,Person_18923
18924,Person_18924
18925,Person_18925
18926,Person_18926
18927,Person_18927
18928,Person_18928
18929,Person_18929
18930,Person_18930
18931,Person_18931
18932,Person_18932
18933,Person_18933
18934,Person_18934
18935,Person_18935
18936,Person_18936
18937,Person_18937
18938,Person_18938
18939,Person_18939
18940,Person_18940
18941,Person_18941
18942,Person_18942
18943,Person_18943
18944,Person_18944
18945,Person_18945
18946,Person_18946
18947,Person_18947
18948,Person_18948
18949,Person_18949
18950,Person_18950
18951,Person_18951
18952,Person_18952
18953,Person_18953
18954,Person_18954
18955,Person_18955
18956,Person_18956
18957,Person_18957
18958,Person_18958
18959,Person_18959
18960,Person_18960
18961,Person_18961
18962,Person_18962
18963,Person_18963
18964,Person_18964
18965,Person_18965
18966,Person_18966
18967,Person_18967
18968,Person_18968
18969,Person_18969
18970,Person_18970
18971,Person_18971
18972,Person_18972
18973,Person_18973
18974,Person_18974
18975,Person_18975
18976,Person_18976
18977,Person_18977
18978,Person_18978
18979,Person_18979
18980,Person_18980
18981,Person_18981
18982,Person_18982
18983,Person_18983
18984,Person_18984
18985,Person_18985
18986,Person_18986
18987,Person_18987
18988,Person_18988
18989,Person_18989
18990,Person_18990
18991,Person_18991
18992,Person_18992
18993,Person_18993
18994,Person_18994
18995,Person_18995
18996,Person_18996
18997,Person_18997
18998,Person_18998
18999,Person_18999
19000,Person_19000
19001,Person_19001
19002,Person_19002
19003,Person_19003
19004,Person_19004
19005,Person_19005
19006,Person_19006
19007,Person_19007
19008,Person_19008
19009,Person_19009
19010,Person_19010
19011,Person_19011
19012,Person_19012
19013,Person_19013
19014,Person_19014
19015,Person_19015
19016,Person_19016
19017,Person_19017
19018,Person_19018
19019,Person_19019
19020,Person_19020
19021,Person_19021
19022,Person_19022
19023,Person_19023
19024,Person_19024
19025,Person_19025
19026,Person_19026
19027,Person_19027
19028,Person_19028
19029,Person_19029
19030,Person_19030
19031,Person_19031
19032,Person_19032
19033,Person_19033
19034,Person_19034
19035,Person_19035
19036,Person_19036
19037,Person_19037
19038,Person_19038
19039,Person_19039
19040,Person_19040
19041,Person_19041
19042,Person_19042
19043,Person_19043
19044,Person_19044
19045,Person_19045
19046,Person_19046
19047,Person_19047
19048,Person_19048
19049,Person_19049
19050,Person_19050
19051,Person_19051
19052,Person_19052
19053,Person_19053
19054,Person_19054
19055,Person_19055
19056,Person_19056
19057,Person_19057
19058,Person_19058
19059,Person_19059
19060,Person_19060
19061,Person_19061
19062,Person_19062
19063,Person_19063
19064,Person_19064
19065,Person_19065
19066,Person_19066
19067,Person_19067
19068,Person_19068
19069,Person_19069
19070,Person_19070
19071,Person_19071
19072,Person_19072
19073,Person_19073
19074,Person_19074
19075,Person_19075
19076,Person_19076
19077,Person_19077
19078,Person_19078
19079,Person_19079
19080,Person_19080
19081,Person_19081
19082,Person_19082
19083,Person_19083
19084,Person_19084
19085,Person_19085
19086,Person_19086
19087,Person_19087
19088,Person_19088
19089,Person_19089
19090,Person_19090
19091,Person_19091
19092,Person_19092
19093,Person_19093
19094,Person_19094
19095,Person_19095
19096,Person_19096
19097,Person_19097
19098,Person_19098
19099,Person_19099
19100,Person_19100
19101,Person_19101
19102,Person_19102
19103,Person_19103
19104,Person_19104
19105,Person_19105
19106,Person_19106
19107,Person_19107
19108,Person_19108
19109,Person_19109
19110,Person_19110
19111,Person_19111
19112,Person_19112
19113,Person_19113
19114,Person_19114
19115,Person_19115
19116,Person_19116
19117,Person_19117
19118,Person_19118
19119,Person_19119
19120,Person_19120
19121,Person_19121
19122,Person_19122
19123,Person_19123
19124,Person_19124
19125,Person_19125
19126,Person_19126
19127,Person_19127
19128,Person_19128
19129,Person_19129
19130,Person_19130
19131,Person_19131
19132,Person_19132
19133,Person_19133
19134,Person_19134
19135,Person_19135
19136,Person_19136
19137,Person_19137
19138,Person_19138
19139,Person_19139
19140,Person_19140
19141,Person_19141
19142,Person_19142
19143,Person_19143
19144,Person_19144
19145,Person_19145
19146,Person_19146
19147,Person_19147
19148,Person_19148
19149,Person_19149
19150,Person_19150
19151,Person_19151
19152,Person_19152
19153,Person_19153
19154,Person_19154
19155,Person_19155
19156,Person_19156
19157,Person_19157
19158,Person_19158
19159,Person_19159
19160,Person_19160
19161,Person_19161
19162,Person_19162
19163,Person_19163
19164,Person_19164
19165,Person_19165
19166,Person_19166
19167,Person_19167
19168,Person_19168
19169,Person_19169
19170,Person_19170
19171,Person_19171
19172,Person_19172
19173,Person_19173
19174,Person_19174
19175,Person_19175
19176,Person_19176
19177,Person_19177
19178,Person_19178
19179,Person_19179
19180,Person_19180
19181,Person_19181
19182,Person_19182
19183,Person_19183
19184,Person_19184
19185,Person_19185
19186,Person_19186
19187,Person_19187
19188,Person_19188
19189,Person_19189
19190,Person_19190
19191,Person_19191
19192,Person_19192
19193,Person_19193
19194,Person_19194
19195,Person_19195
19196,Person_19196
19197,Person_19197
19198,Person_19198
19199,Person_19199
19200,Person_19200
19201,Person_19201
19202,Person_19202
19203,Person_19203
19204,Person_19204
19205,Person_19205
19206,Person_19206
19207,Person_19207
19208,Person_19208
19209,Person_19209
19210,Person_19210
19211,Person_19211
19212,Person_19212
19213,Person_19213
19214,Person_19214
19215,Person_19215
19216,Person_19216
19217,Person_19217
19218,Person_19218
19219,Person_19219
19220,Person_19220
19221,Person_19221
19222,Person_19222
19223,Person_19223
19224,Person_19224
19225,Person_19225
19226,Person_19226
19227,Person_19227
19228,Person_19228
19229,Person_19229
19230,Person_19230
19231,Person_19231
19232,Person_19232
19233,Person_19233
19234,Person_19234
19235,Person_19235
19236,Person_19236
19237,Person_19237
19238,Person_19238
19239,Person_19239
19240,Person_19240
19241,Person_19241
19242,Person_19242
19243,Person_19243
19244,Person_19244
19245,Person_19245
19246,Person_19246
19247,Person_19247
19248,Person_19248
19249,Person_19249
19250,Person_19250
19251,Person_19251
19252,Person_19252
19253,Person_19253
19254,Person_19254
19255,Person_19255
19256,Person_19256
19257,Person_19257
19258,Person_19258
19259,Person_19259
19260,Person_19260
19261,Person_19261
19262,Person_19262
19263,Person_19263
19264,Person_19264
19265,Person_19265
19266,Person_19266
19267,Person_19267
19268,Person_19268
19269,Person_19269
19270,Person_19270
19271,Person_19271
19272,Person_19272
19273,Person_19273
19274,Person_19274
19275,Person_19275
19276,Person_19276
19277,Person_19277
19278,Person_19278
19279,Person_19279
19280,Person_19280
19281,Person_19281
19282,Person_19282
19283,Person_19283
19284,Person_19284
19285,Person_19285
19286,Person_19286
19287,Person_19287
19288,Person_19288
19289,Person_19289
19290,Person_19290
19291,Person_19291
19292,Person_19292
19293,Person_19293
19294,Person_19294
19295,Person_19295
19296,Person_19296
19297,Person_19297
19298,Person_19298
19299,Person_19299
19300,Person_19300
19301,Person_19301
19302,Person_19302
19303,Person_19303
19304,Person_19304
19305,Person_19305
19306,Person_19306
19307,Person_19307
19308,Person_19308
19309,Person_19309
19310,Person_19310
19311,Person_19311
19312,Person_19312
19313,Person_19313
19314,Person_19314
19315,Person_19315
19316,Person_19316
19317,Person_19317
19318,Person_19318
19319,Person_19319
19320,Person_19320
19321,Person_19321
19322,Person_19322
19323,Person_19323
19324,Person_19324
19325,Person_19325
19326,Person_19326
19327,Person_19327
19328,Person_19328
19329,Person_19329
19330,Person_19330
19331,Person_19331
19332,Person_19332
19333,Person_19333
19334,Person_19334
19335,Person_19335
19336,Person_19336
19337,Person_19337
19338,Person_19338
19339,Person_19339
19340,Person_19340
19341,Person_19341
19342,Person_19342
19343,Person_19343
19344,Person_19344
19345,Person_19345
19346,Person_19346
19347,Person_19347
19348,Person_19348
19349,Person_19349
19350,Person_19350
19351,Person_19351
19352,Person_19352
19353,Person_19353
19354,Person_19354
19355,Person_19355
19356,Person_19356
19357,Person_19357
19358,Person_19358
19359,Person_19359
19360,Person_19360
19361,Person_19361
19362,Person_19362
19363,Person_19363
19364,Person_19364
19365,Person_19365
19366,Person_19366
19367,Person_19367
19368,Person_19368
19369,Person_19369
19370,Person_19370
19371,Person_19371
19372,Person_19372
19373,Person_19373
19374,Person_19374
19375,Person_19375
19376,Person_19376
19377,Person_19377
19378,Person_19378
19379,Person_19379
19380,Person_19380
19381,Person_19381
19382,Person_19382
19383,Person_19383
19384,Person_19384
19385,Person_19385
19386,Person_19386
19387,Person_19387
19388,Person_19388
19389,Person_19389
19390,Person_19390
19391,Person_19391
19392,Person_19392
19393,Person_19393
19394,Person_19394
19395,Person_19395
19396,Person_19396
19397,Person_19397
19398,Person_19398
19399,Person_19399
19400,Person_19400
19401,Person_19401
19402,Person_19402
19403,Person_19403
19404,Person_19404
19405,Person_19405
19406,Person_19406
19407,Person_19407
19408,Person_19408
19409,Person_19409
19410,Person_19410
19411,Person_19411
19412,Person_19412
19413,Person_19413
19414,Person_19414
19415,Person_19415
19416,Person_19416
19417,Person_19417
19418,Person_19418
19419,Person_19419
19420,Person_19420
19421,Person_19421
19422,Person_19422
19423,Person_19423
19424,Person_19424
19425,Person_19425
19426,Person_19426
19427,Person_19427
19428,Person_19428
19429,Person_19429
19430,Person_19430
19431,Person_19431
19432,Person_19432
19433,Person_19433
19434,Person_19434
19435,Person_19435
19436,Person_19436
19437,Person_19437
19438,Person_19438
19439,Person_19439
19440,Person_19440
19441,Person_19441
19442,Person_19442
19443,Person_19443
19444,Person_19444
19445,Person_19445
19446,Person_19446
19447,Person_19447
19448,Person_19448
19449,Person_19449
19450,Person_19450
19451,Person_19451
19452,Person_19452
19453,Person_19453
19454,Person_19454
19455,Person_19455
19456,Person_19456
19457,Person_19457
19458,Person_19458
19459,Person_19459
19460,Person_19460
19461,Person_19461
19462,Person_19462
19463,Person_19463
19464,Person_19464
19465,Person_19465
19466,Person_19466
19467,Person_19467
19468,Person_19468
19469,Person_19469
19470,Person_19470
19471,Person_19471
19472,Person_19472
19473,Person_19473
19474,Person_19474
19475,Person_19475
19476,Person_19476
19477,Person_19477
19478,Person_19478
19479,Person_19479
19480,Person_19480
19481,Person_19481
19482,Person_19482
19483,Person_19483
19484,Person_19484
19485,Person_19485
19486,Person_19486
19487,Person_19487
19488,Person_19488
19489,Person_19489
19490,Person_19490
19491,Person_19491
19492,Person_19492
19493,Person_19493
19494,Person_19494
19495,Person_19495
19496,Person_19496
19497,Person_19497
19498,Person_19498
19499,Person_19499
19500,Person_19500
19501,Person_19501
19502,Person_19502
19503,Person_19503
19504,Person_19504
19505,Person_19505
19506,Person_19506
19507,Person_19507
19508,Person_19508
19509,Person_19509
19510,Person_19510
19511,Person_19511
19512,Person_19512
19513,Person_19513
19514,Person_19514
19515,Person_19515
19516,Person_19516
19517,Person_19517
19518,Person_19518
19519,Person_19519
19520,Person_19520
19521,Person_19521
19522,Person_19522
19523,Person_19523
19524,Person_19524
19525,Person_19525
19526,Person_19526
19527,Person_19527
19528,Person_19528
19529,Person_19529
19530,Person_19530
19531,Person_19531
19532,Person_19532
19533,Person_19533
19534,Person_19534
19535,Person_19535
19536,Person_19536
19537,Person_19537
19538,Person_19538
19539,Person_19539
19540,Person_19540
19541,Person_19541
19542,Person_19542
19543,Person_19543
19544,Person_19544
19545,Person_19545
19546,Person_19546
19547,Person_19547
19548,Person_19548
19549,Person_19549
19550,Person_19550
19551,Person_19551
19552,Person_19552
19553,Person_19553
19554,Person_19554
19555,Person_19555
19556,Person_19556
19557,Person_19557
19558,Person_19558
19559,Person_19559
19560,Person_19560
19561,Person_19561
19562,Person_19562
19563,Person_19563
19564,Person_19564
19565,Person_19565
19566,Person_19566
19567,Person_19567
19568,Person_19568
19569,Person_19569
19570,Person_19570
19571,Person_19571
19572,Person_19572
19573,Person_19573
19574,Person_19574
19575,Person_19575
19576,Person_19576
19577,Person_19577
19578,Person_19578
19579,Person_19579
19580,Person_19580
19581,Person_19581
19582,Person_19582
19583,Person_19583
19584,Person_19584
19585,Person_19585
19586,Person_19586
19587,Person_19587
19588,Person_19588
19589,Person_19589
19590,Person_19590
19591,Person_19591
19592,Person_19592
19593,Person_19593
19594,Person_19594
19595,Person_19595
19596,Person_19596
19597,Person_19597
19598,Person_19598
19599,Person_19599
19600,Person_19600
19601,Person_19601
19602,Person_19602
19603,Person_19603
19604,Person_19604
19605,Person_19605
19606,Person_19606
19607,Person_19607
19608,Person_19608
19609,Person_19609
19610,Person_19610
19611,Person_19611
19612,Person_19612
19613,Person_19613
19614,Person_19614
19615,Person_19615
19616,Person_19616
19617,Person_19617
19618,Person_19618
19619,Person_19619
19620,Person_19620
19621,Person_19621
19622,Person_19622
19623,Person_19623
19624,Person_19624
19625,Person_19625
19626,Person_19626
19627,Person_19627
19628,Person_19628
19629,Person_19629
19630,Person_19630
19631,Person_19631
19632,Person_19632
19633,Person_19633
19634,Person_19634
19635,Person_19635
19636,Person_19636
19637,Person_19637
19638,Person_19638
19639,Person_19639
19640,Person_19640
19641,Person_19641
19642,Person_19642
19643,Person_19643
19644,Person_19644
19645,Person_19645
19646,Person_19646
19647,Person_19647
19648,Person_19648
19649,Person_19649
19650,Person_19650
19651,Person_19651
19652,Person_19652
19653,Person_19653
19654,Person_19654
19655,Person_19655
19656,Person_19656
19657,Person_19657
19658,Person_19658
19659,Person_19659
19660,Person_19660
19661,Person_19661
19662,Person_19662
19663,Person_19663
19664,Person_19664
19665,Person_19665
19666,Person_19666
19667,Person_19667
19668,Person_19668
19669,Person_19669
19670,Person_19670
19671,Person_19671
19672,Person_19672
19673,Person_19673
19674,Person_19674
19675,Person_19675
19676,Person_19676
19677,Person_19677
19678,Person_19678
19679,Person_19679
19680,Person_19680
19681,Person_19681
19682,Person_19682
19683,Person_19683
19684,Person_19684
19685,Person_19685
19686,Person_19686
19687,Person_19687
19688,Person_19688
19689,Person_19689
19690,Person_19690
19691,Person_19691
19692,Person_19692
19693,Person_19693
19694,Person_19694
19695,Person_19695
19696,Person_19696
19697,Person_19697
19698,Person_19698
19699,Person_19699
19700,Person_19700
19701,Person_19701
19702,Person_19702
19703,Person_19703
19704,Person_19704
19705,Person_19705
19706,Person_19706
19707,Person_19707
19708,Person_19708
19709,Person_19709
19710,Person_19710
19711,Person_19711
19712,Person_19712
19713,Person_19713
19714,Person_19714
19715,Person_19715
19716,Person_19716
19717,Person_19717
19718,Person_19718
19719,Person_19719
19720,Person_19720
19721,Person_19721
19722,Person_19722
19723,Person_19723
19724,Person_19724
19725,Person_19725
19726,Person_19726
19727,Person_19727
19728,Person_19728
19729,Person_19729
19730,Person_19730
19731,Person_19731
19732,Person_19732
19733,Person_19733
19734,Person_19734
19735,Person_19735
19736,Person_19736
19737,Person_19737
19738,Person_19738
19739,Person_19739
19740,Person_19740
19741,Person_19741
19742,Person_19742
19743,Person_19743
19744,Person_19744
19745,Person_19745
19746,Person_19746
19747,Person_19747
19748,Person_19748
19749,Person_19749
19750,Person_19750
19751,Person_19751
19752,Person_19752
19753,Person_19753
19754,Person_19754
19755,Person_19755
19756,Person_19756
19757,Person_19757
19758,Person_19758
19759,Person_19759
19760,Person_19760
19761,Person_19761
19762,Person_19762
19763,Person_19763
19764,Person_19764
19765,Person_19765
19766,Person_19766
19767,Person_19767
19768,Person_19768
19769,Person_19769
19770,Person_19770
19771,Person_19771
19772,Person_19772
19773,Person_19773
19774,Person_19774
19775,Person_19775
19776,Person_19776
19777,Person_19777
19778,Person_19778
19779,Person_19779
19780,Person_19780
19781,Person_19781
19782,Person_19782
19783,Person_19783
19784,Person_19784
19785,Person_19785
19786,Person_19786
19787,Person_19787
19788,Person_19788
19789,Person_19789
19790,Person_19790
19791,Person_19791
19792,Person_19792
19793,Person_19793
19794,Person_19794
19795,Person_19795
19796,Person_19796
19797,Person_19797
19798,Person_19798
19799,Person_19799
19800,Person_19800
19801,Person_19801
19802,Person_19802
19803,Person_19803
19804,Person_19804
19805,Person_19805
19806,Person_19806
19807,Person_19807
19808,Person_19808
19809,Person_19809
19810,Person_19810
19811,Person_19811
19812,Person_19812
19813,Person_19813
19814,Person_19814
19815,Person_19815
19816,Person_19816
19817,Person_19817
19818,Person_19818
19819,Person_19819
19820,Person_19820
19821,Person_19821
19822,Person_19822
19823,Person_19823
19824,Person_19824
19825,Person_19825
19826,Person_19826
19827,Person_19827
19828,Person_19828
19829,Person_19829
19830,Person_19830
19831,Person_19831
19832,Person_19832
19833,Person_19833
19834,Person_19834
19835,Person_19835
19836,Person_19836
19837,Person_19837
19838,Person_19838
19839,Person_19839
19840,Person_19840
19841,Person_19841
19842,Person_19842
19843,Person_19843
19844,Person_19844
19845,Person_19845
19846,Person_19846
19847,Person_19847
19848,Person_19848
19849,Person_19849
19850,Person_19850
19851,Person_19851
19852,Person_19852
19853,Person_19853
19854,Person_19854
19855,Person_19855
19856,Person_19856
19857,Person_19857
19858,Person_19858
19859,Person_19859
19860,Person_19860
19861,Person_19861
19862,Person_19862
19863,Person_19863
19864,Person_19864
19865,Person_19865
19866,Person_19866
19867,Person_19867
19868,Person_19868
19869,Person_19869
19870,Person_19870
19871,Person_19871
19872,Person_19872
19873,Person_19873
19874,Person_19874
19875,Person_19875
19876,Person_19876
19877,Person_19877
19878,Person_19878
19879,Person_19879
19880,Person_19880
19881,Person_19881
19882,Person_19882
19883,Person_19883
19884,Person_19884
19885,Person_19885
19886,Person_19886
19887,Person_19887
19888,Person_19888
19889,Person_19889
19890,Person_19890
19891,Person_19891
19892,Person_19892
19893,Person_19893
19894,Person_19894
19895,Person_19895
19896,Person_19896
19897,Person_19897
19898,Person_19898
19899,Person_19899
19900,Person_19900
19901,Person_19901
19902,Person_19902
19903,Person_19903
19904,Person_19904
19905,Person_19905
19906,Person_19906
19907,Person_19907
19908,Person_19908
19909,Person_19909
19910,Person_19910
19911,Person_19911
19912,Person_19912
19913,Person_19913
19914,Person_19914
19915,Person_19915
19916,Person_19916
19917,Person_19917
19918,Person_19918
19919,Person_19919
19920,Person_19920
19921,Person_19921
19922,Person_19922
19923,Person_19923
19924,Person_19924
19925,Person_19925
19926,Person_19926
19927,Person_19927
19928,Person_19928
19929,Person_19929
19930,Person_19930
19931,Person_19931
19932,Person_19932
19933,Person_19933
19934,Person_19934
19935,Person_19935
19936,Person_19936
19937,Person_19937
19938,Person_19938
19939,Person_19939
19940,Person_19940
19941,Person_19941
19942,Person_19942
19943,Person_19943
19944,Person_19944
19945,Person_19945
19946,Person_19946
19947,Person_19947
19948,Person_19948
19949,Person_19949
19950,Person_19950
19951,Person_19951
19952,Person_19952
19953,Person_19953
19954,Person_19954
19955,Person_19955
19956,Person_19956
19957,Person_19957
19958,Person_19958
19959,Person_19959
19960,Person_19960
19961,Person_19961
19962,Person_19962
19963,Person_19963
19964,Person_19964
19965,Person_19965
19966,Person_19966
19967,Person_19967
19968,Person_19968
19969,Person_19969
19970,Person_19970
19971,Person_19971
19972,Person_19972
19973,Person_19973
19974,Person_19974
19975,Person_19975
19976,Person_19976
19977,Person_19977
19978,Person_19978
19979,Person_19979
19980,Person_19980
19981,Person_19981
19982,Person_19982
19983,Person_19983
19984,Person_19984
19985,Person_19985
19986,Person_19986
19987,Person_19987
19988,Person_19988
19989,Person_19989
19990,Person_19990
19991,Person_19991
19992,Person_19992
19993,Person_19993
19994,Person_19994
19995,Person_19995
19996,Person_19996
19997,Person_19997
19998,Person_19998
19999,Person_19999
